poolId,token,currency0,currency1,quoteAsset,quoteSide,feePips,tickSpacing,hooks,birthBlock,birthTimeUtc,birthTx,entryBlock,entryTimeUtc,entryTick,seedTickLower,seedTickUpper,seedLiquidityDelta,firstCompletedBlockNetLiquidity,estimatedSeedQuoteAmount,estimatedSeedQuoteRaw,estimatedSeedQuoteStatus,legalAdjacentQuoteBand,adjacentQuoteBandTickLower,adjacentQuoteBandTickUpper,adjacentBandPath30m,firstInteriorCrossBlock30m,lastObservedTick30m,seedRangeFullUsable,swaps5m,swaps10m,swaps30m,swaps60m,quoteInput30mRaw,tokenInput30mRaw,firstWithdrawalTimeUtc,ownPool75PctRemainingCrossTimeUtc,dynamicAggregateStatus,cohortOnlyDynamic75PctCrossTimeUtc
0xa0606c84031a03f5493cd192eb667f6e0a4eb9db11579270295d3521b0dfd5cb,0xafdc93ae51e4d9640534f4e44789561c182cdab9,0x5fc5360d0400a0fd4f2af552add042d716f1d168,0xafdc93ae51e4d9640534f4e44789561c182cdab9,0x5fc5360d0400a0fd4f2af552add042d716f1d168,0,600000,6000,0x0000000000000000000000000000000000000000,78012465,2026-10-02T06:19:41Z,0xa62429fb3e58613508a1e8e1c34e6f1ed615335cdbd5ec1f3161fd80c0176e61,78012465,2026-10-02T06:19:41Z,407554,-882000,882000,2463331246522541,2463331246522541,3.483714,3483714,theoretical_from_L_and_price,True,408000,414000,swap_no_boundary,,404867,True,4,4,14,17,80239346,19074147418494271052366092,2026-10-02T06:29:28Z,2026-10-02T07:00:29Z,cohort_bounded_60m,2026-10-02T07:00:29Z
0xa8eaf75b75b0c549e8c216db0e04b04bb3860d9db1d945d4804666e5d7892b34,0xafdc93ae51e4d9640534f4e44789561c182cdab9,0x5fc5360d0400a0fd4f2af552add042d716f1d168,0xafdc93ae51e4d9640534f4e44789561c182cdab9,0x5fc5360d0400a0fd4f2af552add042d716f1d168,0,550000,5500,0x0000000000000000000000000000000000000000,78021063,2026-10-02T06:34:14Z,0xfd225a699347db358c4a01f434bb26334e293bac43a68a0bd1858574ac169ff2,78021063,2026-10-02T06:34:14Z,407554,-885500,885500,3759336864591957,3759336864591957,5.316563,5316563,theoretical_from_L_and_price,True,412500,418000,swap_no_boundary,,406966,True,4,11,16,23,13791155,6577150562171521660720895,2026-10-02T06:37:17Z,2026-10-02T06:53:29Z,cohort_bounded_60m,2026-10-02T07:00:29Z
0xca0991c4be7926f78b69443f92dd8a614bc4b0808e2f53c41a97c5387e26c29b,0xafdc93ae51e4d9640534f4e44789561c182cdab9,0x5fc5360d0400a0fd4f2af552add042d716f1d168,0xafdc93ae51e4d9640534f4e44789561c182cdab9,0x5fc5360d0400a0fd4f2af552add042d716f1d168,0,500000,5000,0x0000000000000000000000000000000000000000,78021150,2026-10-02T06:34:22Z,0xbe2e8ff3adfc9f7182a6348e6050449df8feb78fb3b95b688907f6a6c6e85cbf,78021150,2026-10-02T06:34:22Z,396567,-885000,885000,310153632961450,310153632961450,0.759738,759738,theoretical_from_L_and_price,True,400000,405000,interior_crossed_end_token_only,78023443,414307,True,3,7,15,61,14105632,13280220866773523776460844,2026-10-02T06:56:56Z,,cohort_bounded_60m,2026-10-02T07:00:29Z
0xeb2801e27458ce9e94475b01caca6cd5dacb1d773c06e3c8d44eb311d735862a,0xafdc93ae51e4d9640534f4e44789561c182cdab9,0x5fc5360d0400a0fd4f2af552add042d716f1d168,0xafdc93ae51e4d9640534f4e44789561c182cdab9,0x5fc5360d0400a0fd4f2af552add042d716f1d168,0,660000,6600,0x0000000000000000000000000000000000000000,78034442,2026-10-02T06:56:57Z,0x51cf62bb50e4b8e5729958ee7bc4ee980518ae2050f8616d27bf4969b7eb1997,78034442,2026-10-02T06:56:57Z,438566,-884400,884400,237525023856043,237525023856043,0.071259,71259,theoretical_from_L_and_price,True,442200,448800,swap_no_boundary,,422398,True,7,7,22,23,15153653,38834715462948681284786595,2026-10-02T07:22:31Z,2026-10-02T07:45:11Z,cohort_bounded_60m,2026-10-02T07:00:29Z
0xc6a761584b894181192ab813133f19732b1112276e3fc94b2f50a3c1ab681b3d,0x62177377c361bf76f12612aa153a9b405bef9ff2,0x0000000000000000000000000000000000000000,0x62177377c361bf76f12612aa153a9b405bef9ff2,0x0000000000000000000000000000000000000000,0,690000,6900,0x0000000000000000000000000000000000000000,78040786,2026-10-02T07:07:42Z,0xd75307f4e0e5ad7d4c503d803917990d86f41de84f0291c9ba4108641f3d89b9,78040786,2026-10-02T07:07:42Z,160938,138000,144900,7341388977112332482561,7341388977112332482561,0,0,theoretical_from_L_and_price,True,165600,172500,no_swap,,,False,0,0,0,0,0,0,,,cohort_bounded_60m,
0x285caf27b5c0a2ded653d9da6dcbb3a2ed89b4f645d2d48063d4aa59da251b20,0xe2c46c7068566740a33a4c93f5445b07bcfe5644,0x0000000000000000000000000000000000000000,0xe2c46c7068566740a33a4c93f5445b07bcfe5644,0x0000000000000000000000000000000000000000,0,690000,6900,0x0000000000000000000000000000000000000000,78042824,2026-10-02T07:11:09Z,0x246aeff0dda21c0b6910e76d0544400fa34f073d0374a55257bba307060ec043,78042824,2026-10-02T07:11:09Z,175081,179400,186300,1050641450860514723320,1050641450860514723320,0.038999999999999999,38999999999999999,theoretical_from_L_and_price,True,179400,186300,no_swap,,,False,0,0,0,0,0,0,2026-10-02T07:11:41Z,2026-10-02T07:11:41Z,cohort_bounded_60m,2026-10-02T07:11:41Z
0x8893450234b019d860cff2c20aec1460b4eb4ea374e2025fc1a5abe8b2c6291a,0xafdc93ae51e4d9640534f4e44789561c182cdab9,0x0000000000000000000000000000000000000000,0xafdc93ae51e4d9640534f4e44789561c182cdab9,0x0000000000000000000000000000000000000000,0,600000,6000,0x0000000000000000000000000000000000000000,78064120,2026-10-02T07:47:12Z,0x2e998b362286dedd0c32ad28a09244e41c76fe4eb6ec33aa0d8104fec9bc8bcf,78064120,2026-10-02T07:47:12Z,233888,-882000,882000,47626897861690272199,47626897861690272199,0.000397459452162506,397459452162506,theoretical_from_L_and_price,True,234000,240000,swap_no_boundary,,227987,True,6,10,12,12,2880554936051807,27665999667716422838277444,2026-10-02T07:57:38Z,2026-10-02T08:01:21Z,pool_event_history_censored,
0xcbf4ae611ed8f34bca4bce3efcaf3ade98e9835d1359ea7386baf5773396f69f,0xafdc93ae51e4d9640534f4e44789561c182cdab9,0x5fc5360d0400a0fd4f2af552add042d716f1d168,0xafdc93ae51e4d9640534f4e44789561c182cdab9,0x5fc5360d0400a0fd4f2af552add042d716f1d168,0,630000,6300,0x0000000000000000000000000000000000000000,78065220,2026-10-02T07:49:04Z,0x03324b76fbfcc4948b7bd204baffe65336bfe2dc9281f06a962344194d45db65,78065220,2026-10-02T07:49:04Z,429628,-882000,882000,409627416112101,409627416112101,0.192132,192132,theoretical_from_L_and_price,True,434700,441000,swap_no_boundary,,426520,True,3,5,6,6,4807809,14473550813799806088544473,2026-10-02T07:57:52Z,,pool_event_history_censored,
0x77e979f96c4fb74a24bb2149322c1f4ffb7c6f6b9c95268d92c56496bcfdde09,0xafdc93ae51e4d9640534f4e44789561c182cdab9,0x0000000000000000000000000000000000000000,0xafdc93ae51e4d9640534f4e44789561c182cdab9,0x0000000000000000000000000000000000000000,0,660000,6600,0x0000000000000000000000000000000000000000,78071120,2026-10-02T07:59:04Z,0xc859c2b8996ce7dd35d9bcffbff675645cfbdb6804faa2ace9e9aa9c57f1c1fa,78071120,2026-10-02T07:59:04Z,234459,-884400,884400,83610950705475362152,83610950705475362152,0.000678117900389929,678117900389929,theoretical_from_L_and_price,True,237600,244200,swap_no_boundary,,234458,True,1,1,1,2,995000000000,0,2026-10-02T08:03:43Z,,pool_event_history_censored,
0xb418193803e9eefd23756a1056dea415821d57d8e732730f012a5881c226f317,0xafdc93ae51e4d9640534f4e44789561c182cdab9,0x0000000000000000000000000000000000000000,0xafdc93ae51e4d9640534f4e44789561c182cdab9,0x0000000000000000000000000000000000000000,0,650000,6500,0x0000000000000000000000000000000000000000,78074156,2026-10-02T08:04:11Z,0xc957a08b7ebacf1fc1907a65f754d87f57ca7348cab94cc9a35856dfb88d3761,78074156,2026-10-02T08:04:11Z,213259,6500,214500,676327678601934809502,676327678601934809502,0.000952455655486556,952455655486556,theoretical_from_L_and_price,True,214500,221000,swap_no_boundary,,214499,False,3,3,3,3,0,5284221116344649849905569,2026-10-02T08:08:42Z,2026-10-02T08:08:42Z,pool_event_history_censored,
0xce06361ba2089a61408c326f1ae13175a13684bb233a5b48471fecad2d7cbcd1,0xafdc93ae51e4d9640534f4e44789561c182cdab9,0x0000000000000000000000000000000000000000,0xafdc93ae51e4d9640534f4e44789561c182cdab9,0x0000000000000000000000000000000000000000,0,500000,5000,0x0000000000000000000000000000000000000000,78074318,2026-10-02T08:04:28Z,0x173e0043dabf97b670c824a6ad9a4c08a41ca8b4b0935ef977474b09ef667ab8,78074318,2026-10-02T08:04:28Z,258678,-885000,885000,24909807865845753099,24909807865845753099,0.000060190758423196,60190758423196,theoretical_from_L_and_price,True,260000,265000,swap_no_boundary,,235323,True,9,13,40,58,107081463163178131,242891263887160707126479852,2026-10-02T08:06:09Z,2026-10-02T08:34:45Z,pool_event_history_censored,
0xc7bfea6017522a452babc964094a3a8fdfc0d13705893d61dacc1c57f1071ad0,0x0fe97b2d477014d78a61829a3c41866912d469ea,0x0fe97b2d477014d78a61829a3c41866912d469ea,0x5fc5360d0400a0fd4f2af552add042d716f1d168,0x5fc5360d0400a0fd4f2af552add042d716f1d168,1,500000,5000,0x0000000000000000000000000000000000000000,78079267,2026-10-02T08:12:48Z,0x713ae9c7149069c5f7d1c10070618336419dcabdbcf9591d8b3681dbb1686712,78079267,2026-10-02T08:12:48Z,-368945,-885000,885000,60981914868621,60981914868621,0.594377,594377,theoretical_from_L_and_price,True,-375000,-370000,no_swap,,,True,0,0,0,0,0,0,,,cohort_bounded_60m,
0xaf591fc360e87852cb88728fea5c35593439d348946967b2dad1267a86c5b2d7,0xb3d190087e16b8d49c906a27ee398bfe0f94338c,0x5fc5360d0400a0fd4f2af552add042d716f1d168,0xb3d190087e16b8d49c906a27ee398bfe0f94338c,0x5fc5360d0400a0fd4f2af552add042d716f1d168,0,500000,5000,0x0000000000000000000000000000000000000000,78150866,2026-10-02T10:13:23Z,0x33d487632122dcdd55b721c968289f87c478b0f0e8815d4e34c8410d1bf7fc9c,78150866,2026-10-02T10:13:23Z,366443,-885000,885000,512403088818092,512403088818092,5.659797,5659797,theoretical_from_L_and_price,True,370000,375000,no_swap,,,True,0,0,0,0,0,0,2026-10-02T10:18:08Z,2026-10-02T10:18:08Z,cohort_bounded_60m,2026-10-02T10:18:08Z
0xd7d5cccb23ccdc309c51dbff607db927091b994c23321e06ac13cc798be9a689,0xbe5d432a0b30443987d261b664cc6bb8bccb80d6,0x5fc5360d0400a0fd4f2af552add042d716f1d168,0xbe5d432a0b30443987d261b664cc6bb8bccb80d6,0x5fc5360d0400a0fd4f2af552add042d716f1d168,0,500000,5000,0x0000000000000000000000000000000000000000,78191179,2026-10-02T11:21:20Z,0xe268003014898147bb3c4d845cbc8250463c299a655842a970628ca8fb171e54,78191179,2026-10-02T11:21:20Z,371176,-885000,885000,62417744764622,62417744764622,0.544159,544159,theoretical_from_L_and_price,True,375000,380000,no_swap,,,True,0,0,0,0,0,0,,,cohort_bounded_60m,
0x8c1e412275cbf0ded35304fc07e3ab731cc77b487a1aaf78b080bf67226bc76d,0x56b8bbcc0c462ef3e07920525e2e36ea2e372b6a,0x56b8bbcc0c462ef3e07920525e2e36ea2e372b6a,0x5fc5360d0400a0fd4f2af552add042d716f1d168,0x5fc5360d0400a0fd4f2af552add042d716f1d168,1,500000,5000,0x0000000000000000000000000000000000000000,78228815,2026-10-02T12:24:39Z,0x84471d5a7878f2c65ed594a9b1ea2b9335b41606714eae45fc15d0f1f98e0407,78228815,2026-10-02T12:24:39Z,-377596,-885000,885000,89433156790459,89433156790459,0.565607,565607,theoretical_from_L_and_price,True,-385000,-380000,no_swap,,,True,0,0,0,0,0,0,,,cohort_bounded_60m,
0x7a5abfa6055f3c52366bbe50de6a6f3e2f84f28d152827a1650c563768303d53,0x20469ce98211e9a84064025753a3ca64923b2d28,0x20469ce98211e9a84064025753a3ca64923b2d28,0x5fc5360d0400a0fd4f2af552add042d716f1d168,0x5fc5360d0400a0fd4f2af552add042d716f1d168,1,660000,6600,0x0000000000000000000000000000000000000000,78229732,2026-10-02T12:26:12Z,0x5a86e478cbc020f9b8547898fc90bddaef5fa58bdeff919eb20959baaace7108,78229732,2026-10-02T12:26:12Z,-374054,-402600,-349800,697114812263359,697114812263359,3.999999,3999999,theoretical_from_L_and_price,True,-382800,-376200,no_swap,,,False,0,0,0,0,0,0,,,cohort_bounded_60m,
0x1d47b64edfcfea5c84a04af655d1a3969d83cc79c8317735791dacc3a43f09ad,0x64cc9275d35412e846d6f91cc9b333c701bb2ba3,0x5fc5360d0400a0fd4f2af552add042d716f1d168,0x64cc9275d35412e846d6f91cc9b333c701bb2ba3,0x5fc5360d0400a0fd4f2af552add042d716f1d168,0,660000,6600,0x0000000000000000000000000000000000000000,78234166,2026-10-02T12:33:47Z,0xb5aa4894e829e6a160819b0a55611ed629d120be7030a49867f49be3ef5daf60,78234166,2026-10-02T12:33:47Z,427013,402600,442200,4711737163115075,4711737163115075,1.339973,1339973,theoretical_from_L_and_price,True,429000,435600,no_swap,,,False,0,0,0,0,0,0,,,cohort_bounded_60m,
0xdb3a589757cdd07565d923892ad0b6f58ee522bc7d776fb15fcfc7ee4d89946b,0x5c53c1dcc86286d78dd68b5c6bd995eac646338c,0x5c53c1dcc86286d78dd68b5c6bd995eac646338c,0x5fc5360d0400a0fd4f2af552add042d716f1d168,0x5fc5360d0400a0fd4f2af552add042d716f1d168,1,500000,5000,0x0000000000000000000000000000000000000000,78239766,2026-10-02T12:43:11Z,0x7f8044d14192f47b4f60bf5fbee4ccd8f0bcd516a1de860148f90b7088ebacd8,78239766,2026-10-02T12:43:11Z,-407555,-425000,-395000,8052736328161061,8052736328161061,6.627404,6627404,theoretical_from_L_and_price,True,-415000,-410000,interior_crossed_end_token_only,78239974,-419974,False,8,11,16,30,23142702,40656057739180696780346588,,,cohort_bounded_60m,
0x42a1bb577d542844afa3bb30485bb6de49a4d385babbcf0ff56c0dcfa408829a,0x0d0a2a82f0d3897600902cd08e6a5be1b65f74d1,0x0d0a2a82f0d3897600902cd08e6a5be1b65f74d1,0x5fc5360d0400a0fd4f2af552add042d716f1d168,0x5fc5360d0400a0fd4f2af552add042d716f1d168,1,500000,5000,0x0000000000000000000000000000000000000000,78243652,2026-10-02T12:49:41Z,0xf5301e92c65f92bd06dd637ddf71640a2102633496149592f3b4adf867db989d,78243652,2026-10-02T12:49:41Z,-373880,-885000,885000,76626005598278,76626005598278,0.583553,583553,theoretical_from_L_and_price,True,-380000,-375000,no_swap,,,True,0,0,0,0,0,0,,,cohort_bounded_60m,
0xe01348c6528174be18663cfbfa8a377ca4885460802c326322c43157c6c6e56c,0x69fd9ed7504cabe1a961bbd0c347db1aa579e7ae,0x5fc5360d0400a0fd4f2af552add042d716f1d168,0x69fd9ed7504cabe1a961bbd0c347db1aa579e7ae,0x5fc5360d0400a0fd4f2af552add042d716f1d168,0,550000,5500,0x0000000000000000000000000000000000000000,78262366,2026-10-02T13:21:01Z,0x9eada9ac85dd385b2246d57c6b351a3263d92c87c85892f63acd022e5f0bd966,78262366,2026-10-02T13:21:01Z,374230,-885500,885500,76341360332453,76341360332453,0.5713,571300,theoretical_from_L_and_price,True,379500,385000,no_swap,,,True,0,0,0,0,0,0,,,cohort_bounded_60m,
0x046cf758ed4261528e2d1b4c21b2d474ca04bdb61302936524220e31ebbc6f37,0x5c53c1dcc86286d78dd68b5c6bd995eac646338c,0x5c53c1dcc86286d78dd68b5c6bd995eac646338c,0x5fc5360d0400a0fd4f2af552add042d716f1d168,0x5fc5360d0400a0fd4f2af552add042d716f1d168,1,600000,6000,0x0000000000000000000000000000000000000000,78265274,2026-10-02T13:25:54Z,0xdc0bde3ad5a7188d009e383a84c763c7c2d6fb042fb0fd5d33fa2bab1894b23f,78265274,2026-10-02T13:25:54Z,-435690,-882000,882000,1410159179013665,1410159179013665,0.488486,488486,theoretical_from_L_and_price,True,-444000,-438000,swap_no_boundary,,-425449,True,1,1,2,2,816898,0,2026-10-02T15:12:28Z,2026-10-02T15:12:28Z,cohort_bounded_60m,
0xbf5554dc1470ccd859f2000cfbc312e184936cc60fa6d99aa05a161d47699f79,0x9063e991494281f285f0eaaecad66cc35df60a29,0x5fc5360d0400a0fd4f2af552add042d716f1d168,0x9063e991494281f285f0eaaecad66cc35df60a29,0x5fc5360d0400a0fd4f2af552add042d716f1d168,0,650000,6500,0x0000000000000000000000000000000000000000,78268322,2026-10-02T13:31:03Z,0xf37136b83bd2fd188e27931aaeacaa0c0136f700340fc7927825b618cdb7014f,78268322,2026-10-02T13:31:03Z,373879,-884000,884000,103043546182391,103043546182391,0.784778,784778,theoretical_from_L_and_price,True,377000,383500,interior_crossed_end_token_only,78268899,386189,True,3,3,3,3,0,32879025601430426567317,,,cohort_bounded_60m,
0x9150cd21d25e97d83ff11a96d99430317724ce7125513f0505ea0ab35513bfb1,0xa4ddf89a40a35264e9d7f896a1ef01c59b1e977a,0x5fc5360d0400a0fd4f2af552add042d716f1d168,0xa4ddf89a40a35264e9d7f896a1ef01c59b1e977a,0x5fc5360d0400a0fd4f2af552add042d716f1d168,0,500000,60,0x0000000000000000000000000000000000000000,78273765,2026-10-02T13:40:12Z,0x704779a7b8ef63ab8b88e550e3262166df7aa43a10ef6f94c614a610b8c3cf35,78273813,2026-10-02T13:40:17Z,342664,342780,349740,9436650903773047,9436650903773047,99.999999,99999999,theoretical_from_L_and_price,True,342720,342780,no_swap,,,False,0,0,0,0,0,0,2026-10-02T13:41:50Z,2026-10-02T13:41:50Z,cohort_bounded_60m,2026-10-02T13:41:50Z
0xc4ffbede675c1c9820ace235c84fa876b02adc5d18ffbd26e4e3ce569e90aeb3,0xabe1b94f9741a86dc83fbe2f2917c5795c05de8a,0x5fc5360d0400a0fd4f2af552add042d716f1d168,0xabe1b94f9741a86dc83fbe2f2917c5795c05de8a,0x5fc5360d0400a0fd4f2af552add042d716f1d168,0,600000,6000,0x0000000000000000000000000000000000000000,78282539,2026-10-02T13:54:53Z,0xcb3f8b4a851ce700054e8dc678b79a941df5a63589b962baad5423ecbd64d40c,78282539,2026-10-02T13:54:53Z,379220,-882000,882000,100229327187949,100229327187949,0.584451,584451,theoretical_from_L_and_price,True,384000,390000,no_swap,,,True,0,0,0,0,0,0,,,cohort_bounded_60m,
0x7c9cdf3fe00ea132f448e2f8b819d888da6ed04c547736393f2d6be464c7f9fb,0xd24c9093515e654cf1a502a13a260b2eb1b25b0d,0x5fc5360d0400a0fd4f2af552add042d716f1d168,0xd24c9093515e654cf1a502a13a260b2eb1b25b0d,0x5fc5360d0400a0fd4f2af552add042d716f1d168,0,650000,6500,0x0000000000000000000000000000000000000000,78296788,2026-10-02T14:18:45Z,0x7b6fea35635dc84ebf14feda0e7c55ff77b68f0d208b530c313b779bc9f53a66,78296788,2026-10-02T14:18:45Z,375982,-884000,884000,68638226828788,68638226828788,0.470574,470574,theoretical_from_L_and_price,True,377000,383500,interior_crossed_end_token_only,78302374,384483,True,0,2,2,2,0,30591467186123769330217,,,cohort_bounded_60m,
0xa039dd1cf96ec0aa37b78a6be9aab6ccb19ee9d34cba0581dc618d219e4b9b19,0x2c612e2f811f106f1baa1dbc5fbae88f1ac561c7,0x2c612e2f811f106f1baa1dbc5fbae88f1ac561c7,0x5fc5360d0400a0fd4f2af552add042d716f1d168,0x5fc5360d0400a0fd4f2af552add042d716f1d168,1,600000,6000,0x0000000000000000000000000000000000000000,78301711,2026-10-02T14:27:00Z,0xd517a7b7f3e90564bd5fbe628d3daa2b3ba47f05b1486a25070a09058b6c320d,78301711,2026-10-02T14:27:00Z,-369051,-882000,882000,78558492749054,78558492749054,0.761645,761645,theoretical_from_L_and_price,True,-378000,-372000,no_swap,,,True,0,0,0,0,0,0,,,cohort_bounded_60m,
0xf86f4fa37a4e971ce9768a3027d3f06a60da91bd32990f69012806e75ddd483d,0x285a9ddf53bef60ebcc55f5752724a30ef7b2d17,0x0000000000000000000000000000000000000000,0x285a9ddf53bef60ebcc55f5752724a30ef7b2d17,0x0000000000000000000000000000000000000000,0,600000,6000,0x0000000000000000000000000000000000000000,78303833,2026-10-02T14:30:31Z,0x84100623466aa2b1a7f3f62123f1ede5d06f6f55a7288614e2d8024f05c0574f,78303833,2026-10-02T14:30:31Z,179232,-882000,882000,1259118875804869965,1259118875804869965,0.000161542906049846,161542906049846,theoretical_from_L_and_price,True,180000,186000,no_swap,,,True,0,0,0,0,0,0,,,cohort_bounded_60m,
0x8e9067c1df00b17e576dfb30f171967725d18a0e5136cdc1c2ad01d173d91d13,0x6a043193d37872a958aabbc0c7221541f5661bd0,0x0000000000000000000000000000000000000000,0x6a043193d37872a958aabbc0c7221541f5661bd0,0x0000000000000000000000000000000000000000,0,600000,6000,0x0000000000000000000000000000000000000000,78305706,2026-10-02T14:33:39Z,0x6525d5ba3362330569a6376d080bccea98ea9d9f74f2d4fcc3e7ee9dfe8baa47,78305706,2026-10-02T14:33:39Z,177766,-882000,882000,2254715776893937722,2254715776893937722,0.00031127565405869,311275654058690,theoretical_from_L_and_price,True,180000,186000,no_swap,,,True,0,0,0,0,0,0,,,cohort_bounded_60m,
0x39743b4f7da9d2c907f2fa20efcf4dfd6c6b74f59a0888ca4189a6eb603fa53a,0x8de860190dae784a9e676cf9056f026f7c9b4848,0x5fc5360d0400a0fd4f2af552add042d716f1d168,0x8de860190dae784a9e676cf9056f026f7c9b4848,0x5fc5360d0400a0fd4f2af552add042d716f1d168,0,680000,6800,0x0000000000000000000000000000000000000000,78316023,2026-10-02T14:50:55Z,0x535d54ac8a87a17fc84f48a68c4cb9504c17c034785c2eb41f2485d979ef7cef,78316023,2026-10-02T14:50:55Z,377595,-884000,884000,266813729423016,266813729423016,1.687511,1687511,theoretical_from_L_and_price,True,380800,387600,no_swap,,,True,0,0,0,0,0,0,2026-10-02T15:07:44Z,2026-10-02T15:07:44Z,cohort_bounded_60m,2026-10-02T15:07:44Z
0xce8c5c26afe41d0c3f7d4955ef6ee6a0004a91a4ec00a85c4b06194f6f575543,0x39f59262a6f82bb1e0ae30a2ae2fab2a66accd44,0x0000000000000000000000000000000000000000,0x39f59262a6f82bb1e0ae30a2ae2fab2a66accd44,0x0000000000000000000000000000000000000000,0,600000,6000,0x0000000000000000000000000000000000000000,78321126,2026-10-02T14:59:29Z,0x21aa60a572eb0714856069d860d48147eb17b26969c8542a51483729773785dd,78321126,2026-10-02T14:59:29Z,195227,-882000,882000,3103739218516957153,3103739218516957153,0.000178976797953424,178976797953424,theoretical_from_L_and_price,True,198000,204000,no_swap,,,True,0,0,0,0,0,0,,,cohort_bounded_60m,
0x6a1180b500b4a31aafdb4ba1f4a6524c447d2479cfef318b04b94a2e3b8b1362,0x93e7a34db439a3371d4149eb9e6794343312d4f2,0x0000000000000000000000000000000000000000,0x93e7a34db439a3371d4149eb9e6794343312d4f2,0x0000000000000000000000000000000000000000,0,600000,6000,0x0000000000000000000000000000000000000000,78325578,2026-10-02T15:06:56Z,0x35abd6dec33031e844fc033b861cb72d4cdcc67d21705b2de50ef0fb1c07e575,78325578,2026-10-02T15:06:56Z,185843,-882000,882000,3755365586948812236,3755365586948812236,0.000346197968596864,346197968596864,theoretical_from_L_and_price,True,186000,192000,no_swap,,,True,0,0,0,0,0,0,,,cohort_bounded_60m,
0xb60a0ae2a187b50879b85c7bc22ef655dbb716c02bd30f66484b45521258334b,0xc322305e79337300b59ff48389f8c9a1d9e0de76,0x0000000000000000000000000000000000000000,0xc322305e79337300b59ff48389f8c9a1d9e0de76,0x0000000000000000000000000000000000000000,0,500000,5000,0x0000000000000000000000000000000000000000,78327088,2026-10-02T15:09:28Z,0x45b619641da043a79a21f86bc5461270d015f72e395eb0d62057f83f0d2f7487,78327088,2026-10-02T15:09:28Z,192348,-885000,885000,5293672371392704028,5293672371392704028,0.00035251867903537,352518679035370,theoretical_from_L_and_price,True,195000,200000,no_swap,,,True,0,0,0,0,0,0,,,cohort_bounded_60m,
0x1352533f130d6c3584a4c219ea8156aa5a31013aa49bcfed2607b2d39ec1a938,0x5c53c1dcc86286d78dd68b5c6bd995eac646338c,0x5c53c1dcc86286d78dd68b5c6bd995eac646338c,0x5fc5360d0400a0fd4f2af552add042d716f1d168,0x5fc5360d0400a0fd4f2af552add042d716f1d168,1,660000,6600,0x0000000000000000000000000000000000000000,78329429,2026-10-02T15:13:23Z,0xec394d46bca59f214f3752d19b523e2099f106c8f6d7aa3e96d577d81be2c9ce,78329429,2026-10-02T15:13:23Z,-437514,-884400,884400,398070769465001,398070769465001,0.125874,125874,theoretical_from_L_and_price,True,-448800,-442200,swap_no_boundary,,-408538,True,1,1,2,2,1207108,0,,,older_pool_history_missing_at_entry,
0x7a5b2b14d73451ddbffb5e9e420123963c9440e692706c3ba0a7457c1b89680c,0x7fa6d2b81743f90e544fc794396d90b12d81b2dc,0x5fc5360d0400a0fd4f2af552add042d716f1d168,0x7fa6d2b81743f90e544fc794396d90b12d81b2dc,0x5fc5360d0400a0fd4f2af552add042d716f1d168,0,500000,5000,0x0000000000000000000000000000000000000000,78336881,2026-10-02T15:25:52Z,0xc1f98009711319a7deef82fb698f71a10b05cfdd5d7db8efcd0a1838706ceea3,78336881,2026-10-02T15:25:52Z,396567,-885000,885000,408237082,408237082,0,0,theoretical_from_L_and_price,True,400000,405000,interior_crossed_end_mixed,78339949,403000,True,0,6,29,64,91314054,31432884421052684153705208,2026-10-02T17:23:14Z,,cohort_bounded_60m,
0x9078ea5f49c8f809107470edf9118f9ebde6428348bf44a4f805939dd2eb7025,0x7bc5a81458453de233ee3204169e053767deb3ca,0x5fc5360d0400a0fd4f2af552add042d716f1d168,0x7bc5a81458453de233ee3204169e053767deb3ca,0x5fc5360d0400a0fd4f2af552add042d716f1d168,0,500000,5000,0x0000000000000000000000000000000000000000,78339102,2026-10-02T15:29:36Z,0x05d0cbdadf8eb4f19e4d69b5e5c3e58c74dc2a9c7b2d60a80920354c153f7b46,78339102,2026-10-02T15:29:36Z,368840,-885000,885000,18043509305385,18043509305385,0.176791,176791,theoretical_from_L_and_price,True,370000,375000,interior_crossed_end_token_only,78347577,377219,True,0,0,1,3,0,1918488784758176847024,,,cohort_bounded_60m,
0x4ad9d653f083d0e760478104aa115f3df5ad487f308eedf975cd9544ed6df617,0x15da2596f4c21227185466066bf0f19d9d526b8a,0x15da2596f4c21227185466066bf0f19d9d526b8a,0x5fc5360d0400a0fd4f2af552add042d716f1d168,0x5fc5360d0400a0fd4f2af552add042d716f1d168,1,500000,5000,0x0000000000000000000000000000000000000000,78355445,2026-10-02T15:56:59Z,0xa65a8376a9ec2f3157677e28a00df101c085dca4d64cd80a6a1fb32e00633276,78355445,2026-10-02T15:56:59Z,-379221,-885000,885000,85121977817482,85121977817482,0.496333,496333,theoretical_from_L_and_price,True,-385000,-380000,no_swap,,,True,0,0,0,0,0,0,,,cohort_bounded_60m,
0xee2a67411a658d78ae962f676d2fde803e993faaecbaece2e81f87c962d7098c,0xf15aab29c3d22cf2b469d4a9b0c0a72f31ba0711,0x5fc5360d0400a0fd4f2af552add042d716f1d168,0xf15aab29c3d22cf2b469d4a9b0c0a72f31ba0711,0x5fc5360d0400a0fd4f2af552add042d716f1d168,0,500000,5000,0x0000000000000000000000000000000000000000,78368635,2026-10-02T16:19:05Z,0x26ff74a93597538b0285488b9dfbbab28e5d827fb273df5e38933e7146270a8e,78368635,2026-10-02T16:19:05Z,313845,-885000,885000,6490764842117,6490764842117,0.99444,994440,theoretical_from_L_and_price,True,315000,320000,no_swap,,,True,0,0,0,0,0,0,,,cohort_bounded_60m,
0x2ef7ffedffb3e33b9f43ca9c7964de8dc55f1cf27808ec345830b6b9cead5454,0x647d23868453a33e8116368264cf856022b28954,0x0000000000000000000000000000000000000000,0x647d23868453a33e8116368264cf856022b28954,0x0000000000000000000000000000000000000000,0,550000,5500,0x0000000000000000000000000000000000000000,78379709,2026-10-02T16:37:39Z,0xab9c8f540352185b11005f0d320d4c4a08c2ce6dc4197e04dbb6420b78b6788f,78379709,2026-10-02T16:37:39Z,175100,159500,176000,8367741537039022380,8367741537039022380,0.00005807730694994,58077306949940,theoretical_from_L_and_price,True,176000,181500,no_swap,,,False,0,0,0,0,0,0,,,cohort_bounded_60m,
0xa19f977abe3641dc04be7ac88ef6fadf47b14f0f33b98b73b5f9d1688444e89c,0xfe8de3874338298e26c4ee3e0e73999ee387b081,0x5fc5360d0400a0fd4f2af552add042d716f1d168,0xfe8de3874338298e26c4ee3e0e73999ee387b081,0x5fc5360d0400a0fd4f2af552add042d716f1d168,0,651000,6510,0x0000000000000000000000000000000000000000,78380259,2026-10-02T16:38:34Z,0xae0a029d44f26f7fcdaad5af1ad4c4bfae010fba12bb0fd5c45733c7098b67b0,78380259,2026-10-02T16:38:34Z,392512,-885360,885360,1394177866902309,1394177866902309,4.182678,4182678,theoretical_from_L_and_price,True,397110,403620,swap_no_boundary,,385771,True,0,0,14,17,16633805,275490584899654570484825,2026-10-02T17:07:46Z,,cohort_bounded_60m,
0xa2687f3fce37004776119deebd0b51f92c9113704f085bc7a214fbd22b167b76,0x5b3c2cd87083ea5c4436525dca6213740405b69e,0x5b3c2cd87083ea5c4436525dca6213740405b69e,0x5fc5360d0400a0fd4f2af552add042d716f1d168,0x5fc5360d0400a0fd4f2af552add042d716f1d168,1,600000,6000,0x0000000000000000000000000000000000000000,78409864,2026-10-02T17:28:12Z,0xfabdfd7fc9bc6596660e4107e420be2eb3bc34f424951fd5f649672bd54dc625,78409864,2026-10-02T17:28:12Z,-370540,-882000,882000,378844071882819,378844071882819,3.409485,3409485,theoretical_from_L_and_price,True,-378000,-372000,no_swap,,,True,0,0,0,0,0,0,,,cohort_bounded_60m,
0x87a8fed7bc5ed2664651cd1b3abea0662cbee7986908d676ef6e6de8d16ed105,0x3aa0ce359da22665ea478817a2f8c53dff802dea,0x3aa0ce359da22665ea478817a2f8c53dff802dea,0x5fc5360d0400a0fd4f2af552add042d716f1d168,0x5fc5360d0400a0fd4f2af552add042d716f1d168,1,600000,6000,0x0000000000000000000000000000000000000000,78417756,2026-10-02T17:41:26Z,0x7a9e38bfd55cf60c5b9f89ba31a9e73181d74214336d399cc28638f5caadc49b,78417756,2026-10-02T17:41:26Z,-371177,-882000,882000,64414992902523,64414992902523,0.561543,561543,theoretical_from_L_and_price,True,-378000,-372000,no_swap,,,True,0,0,0,0,0,0,,,cohort_bounded_60m,
0x8142514c9e17c59c657fe3f68a0edadf49f36cda5dc02bfc618d12f03bf4cd3c,0x299c56137871b8e9fe5193b5a370cf4249df52a5,0x299c56137871b8e9fe5193b5a370cf4249df52a5,0x5fc5360d0400a0fd4f2af552add042d716f1d168,0x5fc5360d0400a0fd4f2af552add042d716f1d168,1,600000,6000,0x0000000000000000000000000000000000000000,78422364,2026-10-02T17:49:10Z,0xee0a28f1eb937bab89d0d37416c578db20f1b87026be874df538138c20dc316c,78422364,2026-10-02T17:49:10Z,-372896,-882000,882000,62936614375278,62936614375278,0.50347,503470,theoretical_from_L_and_price,True,-384000,-378000,no_swap,,,True,0,0,0,0,0,0,,,cohort_bounded_60m,
0x131bedc1f7e4255bae4de01749d2cff7a679020127cee050b7d9d348c021c3a3,0x1169b994d2b0b264243a0dd72015293bd4192dea,0x1169b994d2b0b264243a0dd72015293bd4192dea,0x5fc5360d0400a0fd4f2af552add042d716f1d168,0x5fc5360d0400a0fd4f2af552add042d716f1d168,1,650000,6500,0x0000000000000000000000000000000000000000,78430998,2026-10-02T18:03:40Z,0x818de0ab094355734ca460c918398260b04347031a8d27556deab777ca8c236a,78430998,2026-10-02T18:03:40Z,-407555,-429000,-390000,683146855186374,683146855186374,0.635431,635431,theoretical_from_L_and_price,True,-416000,-409500,interior_crossed_end_mixed,78444561,-414621,False,0,0,2,2,995000,2654675500829066760875365,,,cohort_bounded_60m,
0x9b1932ded2f4dd1f0678833403df6caf68d11fb86b6ecccdcf461d1b1bfbf3ef,0x007defdb60b9aa23058d268b7f77516a4ad7d3f0,0x007defdb60b9aa23058d268b7f77516a4ad7d3f0,0x5fc5360d0400a0fd4f2af552add042d716f1d168,0x5fc5360d0400a0fd4f2af552add042d716f1d168,1,500000,5000,0x0000000000000000000000000000000000000000,78443148,2026-10-02T18:24:03Z,0x843550935f0054f52a765ae48a24519992c4147e94c70dc5cec6582504a400f7,78443148,2026-10-02T18:24:03Z,-377108,-885000,885000,81974264663850,81974264663850,0.531239,531239,theoretical_from_L_and_price,True,-385000,-380000,swap_no_boundary,,-371351,True,1,1,4,5,354738,0,2026-10-02T19:08:29Z,2026-10-02T19:08:29Z,cohort_bounded_60m,2026-10-02T19:08:29Z
0x2a5db8df1c91b8b9ff90f5e3fe891f6a3fb86717427eb730c8416120f1355d30,0x5b4cd530e132b6650c40c382a7b0f8e78bcb8d5d,0x5b4cd530e132b6650c40c382a7b0f8e78bcb8d5d,0x5fc5360d0400a0fd4f2af552add042d716f1d168,0x5fc5360d0400a0fd4f2af552add042d716f1d168,1,600000,6000,0x0000000000000000000000000000000000000000,78448505,2026-10-02T18:33:01Z,0xe70f91e391c94dfb022f355d369fe127be6f59731e76ab7660bb55cf4fc4722d,78448505,2026-10-02T18:33:01Z,-281919,-882000,882000,11339763514452,11339763514452,8.572682,8572682,theoretical_from_L_and_price,True,-288000,-282000,no_swap,,,True,0,0,0,0,0,0,,,cohort_bounded_60m,
0xc0cd14d11cb9a4b31fcad0e33e0bbf2b5630b16d10a3b2dd185ad65836cb2979,0x2c612e2f811f106f1baa1dbc5fbae88f1ac561c7,0x2c612e2f811f106f1baa1dbc5fbae88f1ac561c7,0x5fc5360d0400a0fd4f2af552add042d716f1d168,0x5fc5360d0400a0fd4f2af552add042d716f1d168,1,590000,60,0x0000000000000000000000000000000000000000,78464914,2026-10-02T19:00:45Z,0xb8bf4f7c82d73028e7085a8baf369f6c4fe0a6f86e2268973ed364f4ac79806f,78464914,2026-10-02T19:00:45Z,-367302,-887220,887220,726103943315764,726103943315764,7.68336,7683360,theoretical_from_L_and_price,True,-367380,-367320,no_swap,,,True,0,0,0,0,0,0,2026-10-02T20:41:12Z,2026-10-02T20:41:12Z,older_pool_history_missing_at_entry,
0xe5c770a673233b1f17e95aa575efb751a8466be005c797d1f3dd3947d586aab7,0xd53f94918372462e8f28eba5073cdff2e6e2cd23,0x0000000000000000000000000000000000000000,0xd53f94918372462e8f28eba5073cdff2e6e2cd23,0x0000000000000000000000000000000000000000,0,680000,6800,0x0000000000000000000000000000000000000000,78479940,2026-10-02T19:25:57Z,0xfbf11771258a900a6f6c26fc35fd3204682155c3b5233f2b27509f06f9b4081b,78479940,2026-10-02T19:25:57Z,170183,-884000,884000,30288101861520357653,30288101861520357653,0.006109137893979901,6109137893979901,theoretical_from_L_and_price,True,176800,183600,swap_no_boundary,,168917,True,0,0,1,1,2023213614870628,0,2026-10-02T20:53:36Z,2026-10-02T20:53:36Z,cohort_bounded_60m,
0xbe470759fae0aed0cda5540f717b1a6ec52392cb0613f02beb72d42726fc3da6,0xe07119cdd031e8a2043c3c9c4f9c56f34e54a81e,0x5fc5360d0400a0fd4f2af552add042d716f1d168,0xe07119cdd031e8a2043c3c9c4f9c56f34e54a81e,0x5fc5360d0400a0fd4f2af552add042d716f1d168,0,600000,6000,0x0000000000000000000000000000000000000000,78480991,2026-10-02T19:27:45Z,0xae52919e9bc9bd513077c1c4763b8018eff73b413dcb49961b54f2e1ad33bc37,78480991,2026-10-02T19:27:45Z,380472,-882000,882000,258008579724464,258008579724464,1.413196,1413196,theoretical_from_L_and_price,True,384000,390000,no_swap,,,True,0,0,0,0,0,0,2026-10-02T21:09:36Z,2026-10-02T21:09:36Z,cohort_bounded_60m,
0x2ccb89cb1e176748e87aac5f49d48e5d90d3d03be412a69be06a6142f79a7324,0x3d40cef9f3186eec44404e3e3429fa0d71486ba3,0x3d40cef9f3186eec44404e3e3429fa0d71486ba3,0x5fc5360d0400a0fd4f2af552add042d716f1d168,0x5fc5360d0400a0fd4f2af552add042d716f1d168,1,690000,6900,0x0000000000000000000000000000000000000000,78489275,2026-10-02T19:41:37Z,0xba8cdaaecfab9d08c774ec43c254148fe42ecc1648f581a1d791d1e54b19894b,78489275,2026-10-02T19:41:37Z,-407555,-883200,883200,679585066413172,679585066413172,0.96104,961040,theoretical_from_L_and_price,True,-420900,-414000,swap_no_boundary,,-402101,True,0,2,2,2,971895,0,,,cohort_bounded_60m,
0xef29ae2b451afccc5ab3e2e90f4811043b0fb5b8d3cdd771e94e8a4602499a42,0x1169b994d2b0b264243a0dd72015293bd4192dea,0x1169b994d2b0b264243a0dd72015293bd4192dea,0x5fc5360d0400a0fd4f2af552add042d716f1d168,0x5fc5360d0400a0fd4f2af552add042d716f1d168,1,600000,6000,0x0000000000000000000000000000000000000000,78495095,2026-10-02T19:51:23Z,0x3dcb739b840b42cb90283691844b3b454a3f1be59541a19ff803155718ea1763,78495095,2026-10-02T19:51:23Z,-437514,-882000,882000,1375868563759281,1375868563759281,0.435066,435066,theoretical_from_L_and_price,True,-444000,-438000,swap_no_boundary,,-412041,True,0,1,1,1,2799332,0,2026-10-02T20:00:07Z,2026-10-02T20:00:07Z,pool_event_history_censored,2026-10-02T20:00:07Z
0x1e7fd8c023cefa42767e59ae9ef61f637b4e44234a605d1b55059d2801ccc0ca,0x83d53482a0b7a194d401caf94829fe829408030a,0x5fc5360d0400a0fd4f2af552add042d716f1d168,0x83d53482a0b7a194d401caf94829fe829408030a,0x5fc5360d0400a0fd4f2af552add042d716f1d168,0,600000,6000,0x0000000000000000000000000000000000000000,78496858,2026-10-02T19:54:20Z,0x6a4dae49ab2b6ea1ec3dbd4b967a0bd595922710b35b9adab8a389320c32578d,78496858,2026-10-02T19:54:20Z,375363,-882000,882000,29280607795755,29280607795755,0.207053,207053,theoretical_from_L_and_price,True,378000,384000,no_swap,,,True,0,0,0,3,0,0,2026-10-02T20:24:23Z,2026-10-02T20:24:23Z,cohort_bounded_60m,2026-10-02T20:25:11Z
0xa72397a0cc11750a7f0ed4e95c68eebb5b36f6a721c7c3f738df8c18e57c7d30,0x2a70ca7e5096037e18a74b7acf4638597faf6a53,0x2a70ca7e5096037e18a74b7acf4638597faf6a53,0x5fc5360d0400a0fd4f2af552add042d716f1d168,0x5fc5360d0400a0fd4f2af552add042d716f1d168,1,550000,5500,0x0000000000000000000000000000000000000000,78497387,2026-10-02T19:55:13Z,0xbd98029a66c45c27ec3be414db8bf28e15671a616b205fe514627bae98507dfc,78497387,2026-10-02T19:55:13Z,-391460,-885500,885500,67680742388438,67680742388438,0.214014,214014,theoretical_from_L_and_price,True,-401500,-396000,no_swap,,,True,0,0,0,0,0,0,,,cohort_bounded_60m,
0x120d96f41c3dd8d3a5a919e29bfdf4d022c54123f3b25aa68006a530fda171b8,0x7de5320e55a8241a4e3af4711425ae408ca1cc94,0x5fc5360d0400a0fd4f2af552add042d716f1d168,0x7de5320e55a8241a4e3af4711425ae408ca1cc94,0x5fc5360d0400a0fd4f2af552add042d716f1d168,0,500000,5000,0x0000000000000000000000000000000000000000,78497968,2026-10-02T19:56:12Z,0xbead960863e22533b63fcb3f295fdda5c8c69676609bb865b6471d299b62182e,78497968,2026-10-02T19:56:12Z,366120,-885000,885000,47476342023731,47476342023731,0.532941,532941,theoretical_from_L_and_price,True,370000,375000,swap_no_boundary,,360417,True,0,0,2,2,351997,0,2026-10-02T21:50:44Z,2026-10-02T21:50:44Z,cohort_bounded_60m,
0x1c4774af65b6d94d0e89a2cd14a21bdd869e8d21f287d3925d03133cf30c2691,0x83d53482a0b7a194d401caf94829fe829408030a,0x5fc5360d0400a0fd4f2af552add042d716f1d168,0x83d53482a0b7a194d401caf94829fe829408030a,0x5fc5360d0400a0fd4f2af552add042d716f1d168,0,651000,6510,0x0000000000000000000000000000000000000000,78500094,2026-10-02T19:59:48Z,0xe10cc7ac4b436a9d719f5f7a528fc291c8d1456c470207d8f410ca393b8d6171,78500094,2026-10-02T19:59:48Z,373375,-885360,885360,1356300035832720,1356300035832720,10.593171,10593171,theoretical_from_L_and_price,True,377580,384090,no_swap,,,True,0,0,0,0,0,0,2026-10-02T20:11:40Z,2026-10-02T20:11:40Z,cohort_bounded_60m,2026-10-02T20:25:11Z
0xcb83806b087bd1efdc8222e0ca7ecec7244be0be399004e4c6a98bda57ffbbfb,0x1169b994d2b0b264243a0dd72015293bd4192dea,0x1169b994d2b0b264243a0dd72015293bd4192dea,0x5fc5360d0400a0fd4f2af552add042d716f1d168,0x5fc5360d0400a0fd4f2af552add042d716f1d168,1,610000,6100,0x0000000000000000000000000000000000000000,78500883,2026-10-02T20:01:06Z,0x20c49306e312ad4a06c4b2acb85c090a222d9337c3b85a26a08d8cdb932fc570,78500883,2026-10-02T20:01:06Z,-437514,-884500,884500,385000449780816,385000449780816,0.121741,121741,theoretical_from_L_and_price,True,-445300,-439200,swap_no_boundary,,-421856,True,0,1,1,4,371142,0,,,pool_event_history_censored,
0x58de530b3e511d24439bfbac56d1ca99ad33d29ac8a3b1692f0289f5323a2f61,0x83d53482a0b7a194d401caf94829fe829408030a,0x0000000000000000000000000000000000000000,0x83d53482a0b7a194d401caf94829fe829408030a,0x0000000000000000000000000000000000000000,0,690000,6900,0x0000000000000000000000000000000000000000,78501592,2026-10-02T20:02:18Z,0xa4a40dfe0cab4faa5806d91fd8d8954c239b762576db5c4542b2145ed6d13bde,78501592,2026-10-02T20:02:18Z,169210,-883200,883200,13831384540653500024,13831384540653500024,0.002928875402996725,2928875402996725,theoretical_from_L_and_price,True,172500,179400,interior_crossed_end_mixed,78514904,172928,True,0,0,2,2,0,72809887079306781730871,2026-10-02T20:25:11Z,2026-10-02T20:25:11Z,cohort_bounded_60m,2026-10-02T20:25:11Z
0x9a49d928abb77be997fcda1be1732cf5f3ad23738415f24deff8b958f90083e0,0xb71463fbe6a6edef8d9d8cb0ccb5ab84cd0a353e,0x5fc5360d0400a0fd4f2af552add042d716f1d168,0xb71463fbe6a6edef8d9d8cb0ccb5ab84cd0a353e,0x5fc5360d0400a0fd4f2af552add042d716f1d168,0,600000,6000,0x0000000000000000000000000000000000000000,78507420,2026-10-02T20:12:06Z,0x78d5b11930f30c6c208d1485d27e7bedea8479fdee55aac7ebf1a85cc37b0cdd,78507420,2026-10-02T20:12:06Z,391459,-882000,882000,19711072198622,19711072198622,0.062331,62331,theoretical_from_L_and_price,True,396000,402000,no_swap,,,True,0,0,0,0,0,0,,,cohort_bounded_60m,
0x86da0f5b8d627ac2bfc057d8a0b092bf5f0cc6ccf375c02218becd1162dc2b0f,0x0254207ea6658a8f9daf1eae0c120796b317ded6,0x0254207ea6658a8f9daf1eae0c120796b317ded6,0x5fc5360d0400a0fd4f2af552add042d716f1d168,0x5fc5360d0400a0fd4f2af552add042d716f1d168,1,660000,6600,0x0000000000000000000000000000000000000000,78509059,2026-10-02T20:14:51Z,0x272a735ef17a7e682c32ed35ee222ade56ccb46126acc16d199258e83bf67207,78509059,2026-10-02T20:14:51Z,-389636,-884400,884400,61421657945548,61421657945548,0.212767,212767,theoretical_from_L_and_price,True,-402600,-396000,swap_no_boundary,,-389006,True,0,1,1,1,20078,0,,,cohort_bounded_60m,
0x278cca1496cee54e71dfb986bfb77ecdb3cc9c87abb89cf5d91dd9526cb2f43f,0xabb8072260759e80e0adca24c95ffb1c5875de4c,0x5fc5360d0400a0fd4f2af552add042d716f1d168,0xabb8072260759e80e0adca24c95ffb1c5875de4c,0x5fc5360d0400a0fd4f2af552add042d716f1d168,0,600000,6000,0x0000000000000000000000000000000000000000,78512862,2026-10-02T20:21:15Z,0x765ca526d8f0357daaa5937999e77f95df70741eab5214f149932eadebda8a01,78512862,2026-10-02T20:21:15Z,384527,-882000,882000,52858726352346,52858726352346,0.236393,236393,theoretical_from_L_and_price,True,390000,396000,no_swap,,,True,0,0,0,0,0,0,,,cohort_bounded_60m,
0xe0e39b644006f7c54de9a74ab264c8d04f5d3871c9f1e416bfe0591c8bcc517d,0x47aba163aa665d6c37683a8da5c41fc8da37bda4,0x47aba163aa665d6c37683a8da5c41fc8da37bda4,0x5fc5360d0400a0fd4f2af552add042d716f1d168,0x5fc5360d0400a0fd4f2af552add042d716f1d168,1,500000,5000,0x0000000000000000000000000000000000000000,78519845,2026-10-02T20:33:01Z,0x5d93effd60c8b8a6aa67fbfc496382f669f4998093f2363760463f9f8c490fc8,78519845,2026-10-02T20:33:01Z,-382296,-885000,885000,114382075760421,114382075760421,0.5719,571900,theoretical_from_L_and_price,True,-390000,-385000,no_swap,,,True,0,0,0,0,0,0,,,cohort_bounded_60m,
0x4a46a95f37b184355a09970d99a829531f5f752d97dee3aa2de7d18d8807e38e,0x88bf2660be6492844daa1a0c0a6c6ece0637e931,0x5fc5360d0400a0fd4f2af552add042d716f1d168,0x88bf2660be6492844daa1a0c0a6c6ece0637e931,0x5fc5360d0400a0fd4f2af552add042d716f1d168,0,550000,5500,0x0000000000000000000000000000000000000000,78524941,2026-10-02T20:41:37Z,0x2308b61bd731fb9dcb134d41ec43c1fdf7848344d7e14775bac4ed2bf14de953,78524941,2026-10-02T20:41:37Z,381903,-885500,885500,64811801962979,64811801962979,0.330483,330483,theoretical_from_L_and_price,True,385000,390500,no_swap,,,True,0,0,0,0,0,0,,,cohort_bounded_60m,
0x7554b87eb49b3d1e5757c09c41baceadce23fe50ddc091f36de077185cba64a1,0xa768b99f528adf1690669bbbe4001517aaac5d98,0x0000000000000000000000000000000000000000,0xa768b99f528adf1690669bbbe4001517aaac5d98,0x0000000000000000000000000000000000000000,0,500000,5000,0x0000000000000000000000000000000000000000,78530612,2026-10-02T20:51:09Z,0x4d2dce14dd00bfcecb0005161f35c861e97c7358b6ec8bd171338058a902b4e8,78530612,2026-10-02T20:51:09Z,172140,-885000,885000,1018155080068238623,1018155080068238623,0.00018622081067825,186220810678250,theoretical_from_L_and_price,True,175000,180000,no_swap,,,True,0,0,0,0,0,0,,,cohort_bounded_60m,
0x5621467bacf4f9100ba07ec262bffd666e10aea6cd96807d8416ba45483ad79c,0x88bf2660be6492844daa1a0c0a6c6ece0637e931,0x0000000000000000000000000000000000000000,0x88bf2660be6492844daa1a0c0a6c6ece0637e931,0x0000000000000000000000000000000000000000,0,620000,6200,0x0000000000000000000000000000000000000000,78534048,2026-10-02T20:56:55Z,0x3bcf51fa465b38dcdc502124ce2b9bce195912bc9ba214246bce2abf49d89801,78534048,2026-10-02T20:56:55Z,172416,-886600,886600,32139184167548047295,32139184167548047295,0.005797705677947156,5797705677947156,theoretical_from_L_and_price,True,173600,179800,interior_crossed_end_mixed,78538520,174095,True,0,2,2,4,0,64113704780052323714636,2026-10-02T21:25:23Z,2026-10-02T22:17:12Z,cohort_bounded_60m,
0x4c0e7ed0e8a6adfcc1bc48d76ddce849a4cb33ce26209bc0f5a35e3c42e3d870,0xb4ebf16f805c3e307242728c1aa3c1ee07e965f7,0x5fc5360d0400a0fd4f2af552add042d716f1d168,0xb4ebf16f805c3e307242728c1aa3c1ee07e965f7,0x5fc5360d0400a0fd4f2af552add042d716f1d168,0,600000,6000,0x0000000000000000000000000000000000000000,78534764,2026-10-02T20:58:07Z,0x92d35f26a7d31237004241aa91b1c1e18194a5acc5c20e0513e8e1f6bfc85d87,78534764,2026-10-02T20:58:07Z,370295,-882000,882000,52323183719072,52323183719072,0.476696,476696,theoretical_from_L_and_price,True,372000,378000,no_swap,,,True,0,0,0,0,0,0,2026-10-02T21:39:02Z,2026-10-02T21:39:02Z,cohort_bounded_60m,2026-10-02T21:39:02Z
0x32794e740bd84feb52757e038700f406da2a218b17a8d811a37c4ed22d2f1db1,0x9161cdb8bd4c21375e85c3fe7a5ce74a6ba5da06,0x5fc5360d0400a0fd4f2af552add042d716f1d168,0x9161cdb8bd4c21375e85c3fe7a5ce74a6ba5da06,0x5fc5360d0400a0fd4f2af552add042d716f1d168,0,600000,6000,0x0000000000000000000000000000000000000000,78541567,2026-10-02T21:09:35Z,0x9bb2f25d27b3af280a91796050c994be750da752713835558a482868d913ad34,78541567,2026-10-02T21:09:35Z,353192,-882000,882000,91445741747147,91445741747147,1.959205,1959205,theoretical_from_L_and_price,True,354000,360000,no_swap,,,True,0,0,0,0,0,0,,,cohort_bounded_60m,
0x3aa1a193be33cd8a4d05cd2c551228a9b25c0aec39993f7cf636f807acd58cca,0x0cb329075d2e8373e7397560d7746f9cc84f3d7e,0x0cb329075d2e8373e7397560d7746f9cc84f3d7e,0x5fc5360d0400a0fd4f2af552add042d716f1d168,0x5fc5360d0400a0fd4f2af552add042d716f1d168,1,500000,5000,0x0000000000000000000000000000000000000000,78548363,2026-10-02T21:21:00Z,0x6fbd5323556fdcc3a02297e76cbee8e56b5af0588099afd6ebbf45e6b9aae136,78548363,2026-10-02T21:21:00Z,-386759,-380000,-375000,235112097089521708,235112097089521708,0,0,theoretical_from_L_and_price,True,-395000,-390000,no_swap,,,False,0,0,0,0,0,0,2026-10-02T21:24:18Z,2026-10-02T21:24:18Z,cohort_bounded_60m,2026-10-02T21:24:18Z
0x953df2fe4c79e7a08a07ccd913fc8b9ca0083f7d0f5070d133d58c93b8c41461,0x8110f66619a8debe0faaebe5cef3b9268eb31149,0x5fc5360d0400a0fd4f2af552add042d716f1d168,0x8110f66619a8debe0faaebe5cef3b9268eb31149,0x5fc5360d0400a0fd4f2af552add042d716f1d168,0,660000,6600,0x0000000000000000000000000000000000000000,78550594,2026-10-02T21:24:45Z,0x7cedfbcab4e1176bfb53ddeb1114ec48612f6fbad1f412191b2b9defad3a6f4e,78550594,2026-10-02T21:24:45Z,384527,-884400,884400,732659101340750,732659101340750,3.276586,3276586,theoretical_from_L_and_price,True,389400,396000,no_swap,,,True,0,0,0,0,0,0,,,cohort_bounded_60m,
0x88613c59f5ca809442e3d8a61e39a0fde371a0b8f47560f6ce28be670e1da523,0x0d6f15fda3c5adf15539b493b52ccfe5b18e12f2,0x0000000000000000000000000000000000000000,0x0d6f15fda3c5adf15539b493b52ccfe5b18e12f2,0x0000000000000000000000000000000000000000,0,600000,6000,0x0000000000000000000000000000000000000000,78551667,2026-10-02T21:26:33Z,0xf2101c1713876802232a4e0109470263d8ed9e17b174db9cd27a36f6f17ba81c,78551667,2026-10-02T21:26:33Z,177284,-882000,882000,9779392025343822366,9779392025343822366,0.001383028661272311,1383028661272311,theoretical_from_L_and_price,True,180000,186000,interior_crossed_end_mixed,78558144,181985,True,0,0,1,3,0,45854432302270562584797,2026-10-02T22:17:32Z,2026-10-02T22:17:32Z,cohort_bounded_60m,2026-10-02T22:17:32Z
0x119baeb2cf37e2e09f10f44fce373bf7a9682a02298699f78b91e0de5475380e,0x1ef76f3be476e47bf26032ff4a9e26b6ea7edbd2,0x1ef76f3be476e47bf26032ff4a9e26b6ea7edbd2,0x5fc5360d0400a0fd4f2af552add042d716f1d168,0x5fc5360d0400a0fd4f2af552add042d716f1d168,1,500000,5000,0x0000000000000000000000000000000000000000,78558752,2026-10-02T21:38:25Z,0x1f4a403978a39e29bccda36b46a7fed5671bcbc9bcc8061f2e5aac0aee170208,78558752,2026-10-02T21:38:25Z,-358574,-885000,885000,36039769458045,36039769458045,0.589977,589977,theoretical_from_L_and_price,True,-365000,-360000,no_swap,,,True,0,0,0,0,0,0,,,cohort_bounded_60m,
0x19d78e9a7e7e59035d4e7759147d520d84043208481f7de83f90d3453ddd1247,0x5e55f18453545d0d4314c5106a2d8db934298e95,0x5e55f18453545d0d4314c5106a2d8db934298e95,0x5fc5360d0400a0fd4f2af552add042d716f1d168,0x5fc5360d0400a0fd4f2af552add042d716f1d168,1,500000,5000,0x0000000000000000000000000000000000000000,78571568,2026-10-02T21:59:52Z,0xe913b6ddbaff3212798fd283d7b288eccd1382fa26ae1f7b82632e4ba61bd527,78571568,2026-10-02T21:59:52Z,-393691,-885000,885000,679749857981538,679749857981538,1.922582,1922582,theoretical_from_L_and_price,True,-400000,-395000,no_swap,,,True,0,0,0,0,0,0,,,cohort_bounded_60m,
0xcbcc42cffbdb5b88c4bca542f44200a34849cc4214c46b3b13cdbaa91f91b95f,0x1ef76f3be476e47bf26032ff4a9e26b6ea7edbd2,0x1ef76f3be476e47bf26032ff4a9e26b6ea7edbd2,0x5fc5360d0400a0fd4f2af552add042d716f1d168,0x5fc5360d0400a0fd4f2af552add042d716f1d168,1,670000,6700,0x0000000000000000000000000000000000000000,78571855,2026-10-02T22:00:22Z,0x80d7f61305fa930f6e9709b80f876459a89d4a302f02aec3cf3ab6c4507b0633,78571855,2026-10-02T22:00:22Z,-355990,-381900,-341700,22453202306357,22453202306357,0.303744,303744,theoretical_from_L_and_price,True,-368500,-361800,no_swap,,,False,0,0,0,0,0,0,,,cohort_bounded_60m,
0x902a1e837002e6f73ca52c8664565ea5292e760bf3132d2412a80b79bffe8a7b,0x430a8b3664e864962367ece80e44604d1cfba9b0,0x430a8b3664e864962367ece80e44604d1cfba9b0,0x5fc5360d0400a0fd4f2af552add042d716f1d168,0x5fc5360d0400a0fd4f2af552add042d716f1d168,1,650000,6500,0x0000000000000000000000000000000000000000,78574094,2026-10-02T22:04:06Z,0x69d6ca4e7e459809b023a1801ccbb3352a61c64444685cf5c5845da994212c74,78574094,2026-10-02T22:04:06Z,-383130,-884000,884000,191819212743644,191819212743644,0.91991,919910,theoretical_from_L_and_price,True,-390000,-383500,no_swap,,,True,0,0,0,0,0,0,,,cohort_bounded_60m,
0x630b5fb5a0a3df1533d9b2f7dd8fa190a8863331e2f8453beea4fe758d6355ae,0xa9ddbd54f2cbf7de7ce5caefed8fd64b0007f836,0x5fc5360d0400a0fd4f2af552add042d716f1d168,0xa9ddbd54f2cbf7de7ce5caefed8fd64b0007f836,0x5fc5360d0400a0fd4f2af552add042d716f1d168,0,600000,6000,0x0000000000000000000000000000000000000000,78588815,2026-10-02T22:28:43Z,0x0a75c2a0a4b9bbfb77cece46a3df802fe23d1e46fdb704e2a3fcf2862fa87f27,78588815,2026-10-02T22:28:43Z,358723,-882000,882000,108384090122015,108384090122015,1.761099,1761099,theoretical_from_L_and_price,True,360000,366000,no_swap,,,True,0,0,0,0,0,0,2026-10-02T23:00:54Z,2026-10-02T23:00:54Z,cohort_bounded_60m,2026-10-02T23:00:54Z
0xbb18aaee06675a0cd1edfcea87ba4505101b031f0486570bda61270dc448030b,0xcb8f0103c7f7ca153baa10753cdd5f4835eeef82,0x5fc5360d0400a0fd4f2af552add042d716f1d168,0xcb8f0103c7f7ca153baa10753cdd5f4835eeef82,0x5fc5360d0400a0fd4f2af552add042d716f1d168,0,600000,6000,0x0000000000000000000000000000000000000000,78589890,2026-10-02T22:30:31Z,0x4e026a73c82c52d6f5d34c65e250036767e6dfb3f0790ad511711dc461ca3af1,78589890,2026-10-02T22:30:31Z,364310,-882000,882000,26017572868171,26017572868171,0.31972,319720,theoretical_from_L_and_price,True,366000,372000,no_swap,,,True,0,0,0,2,0,0,,,cohort_bounded_60m,
0x4026dcc6b5fe32b9975f690a9dd0d3f15495ea4f7e4094c476056c63c8dbec8f,0x523bbb74cb0585b5f76b6bea43b5a80686a2906a,0x523bbb74cb0585b5f76b6bea43b5a80686a2906a,0x5fc5360d0400a0fd4f2af552add042d716f1d168,0x5fc5360d0400a0fd4f2af552add042d716f1d168,1,500000,5000,0x0000000000000000000000000000000000000000,78593759,2026-10-02T22:37:01Z,0xf74365e0bbb9cf733ff49975238d86c7aaa3a369ed4b1fe136b06cd71d007c4d,78593759,2026-10-02T22:37:01Z,-375364,-885000,885000,121122621175344,121122621175344,0.856459,856459,theoretical_from_L_and_price,True,-385000,-380000,swap_no_boundary,,-379188,True,0,4,8,8,1940360,59456689805245888139695,2026-10-02T23:02:00Z,,cohort_bounded_60m,
0x2f3e91d9858f0b4a02532a1bf7b17e20ed8347e63c142ad891e73d322f02492d,0x6249519883b8d7ccf915dfcd6c0442984dae9d24,0x5fc5360d0400a0fd4f2af552add042d716f1d168,0x6249519883b8d7ccf915dfcd6c0442984dae9d24,0x5fc5360d0400a0fd4f2af552add042d716f1d168,0,500000,5000,0x0000000000000000000000000000000000000000,78601858,2026-10-02T22:50:34Z,0xe90b05f6347c1bb0e00eeaa696c10c7ba6ae6ce88a7f386a282afd0db951a691,78601858,2026-10-02T22:50:34Z,359149,-885000,885000,602818406191377,602818406191377,9.588594,9588594,theoretical_from_L_and_price,True,360000,365000,no_swap,,,True,0,0,0,0,0,0,,,cohort_bounded_60m,
0x0ad920de68b3ba0e0631c8af334c9746b3cd4aca89b76bbc16338099b8c6a308,0xadd31c4bfe03b0f1116e5bf074c5835142440a11,0x5fc5360d0400a0fd4f2af552add042d716f1d168,0xadd31c4bfe03b0f1116e5bf074c5835142440a11,0x5fc5360d0400a0fd4f2af552add042d716f1d168,0,605200,6052,0x0000000000000000000000000000000000000000,78603413,2026-10-02T22:53:11Z,0x7f94c071b13e138039efdb8acb12e85228faf5188459d903e4b15d39019b799e,78603413,2026-10-02T22:53:11Z,369485,-883592,883592,103639742625303,103639742625303,0.983246,983246,theoretical_from_L_and_price,True,375224,381276,no_swap,,,True,0,0,0,0,0,0,2026-10-02T22:58:28Z,2026-10-02T22:58:28Z,cohort_bounded_60m,2026-10-02T22:58:28Z
0xa789798e19829ce1f45c9197963588b8d0a3325658e96d0ccfd8ddcd1dd0ecfa,0x776357e4295564828ca013ebc601d85ade708f3f,0x5fc5360d0400a0fd4f2af552add042d716f1d168,0x776357e4295564828ca013ebc601d85ade708f3f,0x5fc5360d0400a0fd4f2af552add042d716f1d168,0,600000,6000,0x0000000000000000000000000000000000000000,78621838,2026-10-02T23:24:00Z,0xb13bb29c130ecbea4f0f6aec85383f618eea9fbf6c5a18ebb7bcc7bbd9f70083,78621838,2026-10-02T23:24:00Z,383574,-882000,882000,507357095249100,507357095249100,2.379723,2379723,theoretical_from_L_and_price,True,384000,390000,no_swap,,,True,0,0,0,0,0,0,,,cohort_bounded_60m,
0xa09cb062ada0d1ffccecddcb6d88c3182e3b26c7432dc8c6b89be2b57f1eb431,0xa9ddbd54f2cbf7de7ce5caefed8fd64b0007f836,0x0000000000000000000000000000000000000000,0xa9ddbd54f2cbf7de7ce5caefed8fd64b0007f836,0x0000000000000000000000000000000000000000,0,600000,6000,0x0000000000000000000000000000000000000000,78623164,2026-10-02T23:26:10Z,0x71f119e8531497fce7e9135d720efe34612848d09c8fcc128f63186867b998c3,78623164,2026-10-02T23:26:10Z,162409,-882000,882000,607543340241200414,607543340241200414,0.000180753602023324,180753602023324,theoretical_from_L_and_price,True,168000,174000,interior_crossed_end_token_only,78634805,186803,True,0,0,1,1,0,12193245831389228870916,,,cohort_bounded_60m,
0x89457c6846f055a7a5c02bf02fa32763a51848340ad92e2dbb792602f3334f36,0xce3ff895f2428ef47246b6d34d35e0d1be00284b,0x5fc5360d0400a0fd4f2af552add042d716f1d168,0xce3ff895f2428ef47246b6d34d35e0d1be00284b,0x5fc5360d0400a0fd4f2af552add042d716f1d168,0,660100,6601,0x0000000000000000000000000000000000000000,78626385,2026-10-02T23:31:35Z,0xe56896d7a75a0b4951e6af18939e91f3ee37ae606bd45c9d3813533aa6c4757a,78626385,2026-10-02T23:31:35Z,365580,-884534,884534,105672932556930,105672932556930,1.218685,1218685,theoretical_from_L_and_price,True,369656,376257,interior_crossed_end_token_only,78627693,397173,True,3,3,3,3,3000,104402325845844793443811,,,cohort_bounded_60m,
0x0dff4ad33ec1d81e18f360febcb6ad8125eaea10561a42a11350b8eb821c0129,0xbf3d0afa7417c336bbba6acaecafbc38b918e4cb,0x5fc5360d0400a0fd4f2af552add042d716f1d168,0xbf3d0afa7417c336bbba6acaecafbc38b918e4cb,0x5fc5360d0400a0fd4f2af552add042d716f1d168,0,620000,6200,0x0000000000000000000000000000000000000000,78627892,2026-10-02T23:34:06Z,0xc4b06180f7e1f34f9c44d040fbec6e1a06ad1b7fb821d06370b87d76d0a90f09,78627892,2026-10-02T23:34:06Z,362334,-886600,886600,53994001169975,53994001169975,0.732412,732412,theoretical_from_L_and_price,True,365800,372000,no_swap,,,True,0,0,0,0,0,0,2026-10-02T23:57:34Z,2026-10-02T23:57:34Z,cohort_bounded_60m,2026-10-02T23:57:34Z
0xdbcb853b8d6a50e163545833a6768c3b1dc2b614a3fff918245bd2ac401f5eaa,0x024a0ffb5fac743b9b507fd3f8f3f914013c123b,0x024a0ffb5fac743b9b507fd3f8f3f914013c123b,0x5fc5360d0400a0fd4f2af552add042d716f1d168,0x5fc5360d0400a0fd4f2af552add042d716f1d168,1,500000,5000,0x0000000000000000000000000000000000000000,78628909,2026-10-02T23:35:49Z,0x34b7425843098d5daf6d25ef90e9698c0b3bb0bf9a79ee7ca21b4676da06ce2f,78628909,2026-10-02T23:35:49Z,-444445,-885000,885000,48437099390840045,48437099390840045,10.830788,10830788,theoretical_from_L_and_price,True,-450000,-445000,no_swap,,,True,0,0,0,0,0,0,,,cohort_bounded_60m,
0x3306ea8a62d7f0e8f0042d6392fca93ad0ca0719d8e3d519119240ea5fa4c8d8,0x4214e44c97865858d78e37d5d4ee3262acf30406,0x4214e44c97865858d78e37d5d4ee3262acf30406,0x5fc5360d0400a0fd4f2af552add042d716f1d168,0x5fc5360d0400a0fd4f2af552add042d716f1d168,1,600000,6000,0x0000000000000000000000000000000000000000,78629575,2026-10-02T23:36:56Z,0xfcca4796837e6befa4816407eef730e5257197519be34b75ca50572448fe8a1a,78629575,2026-10-02T23:36:56Z,-381527,-882000,882000,480280154413374,480280154413374,2.495486,2495486,theoretical_from_L_and_price,True,-390000,-384000,no_swap,,,True,0,0,0,0,0,0,,,cohort_bounded_60m,
0x6348f3aac270c978c3e5a6ba05334e084f4db6da56454fef226bdd218463124c,0x88d3ce74de8b55045ae5b39de0a4905064f0d4c8,0x0000000000000000000000000000000000000000,0x88d3ce74de8b55045ae5b39de0a4905064f0d4c8,0x0000000000000000000000000000000000000000,0,690000,6900,0x0000000000000000000000000000000000000000,78630721,2026-10-02T23:38:51Z,0x127cbeb3c8598bd5c0e5b121f2b38804364a83d082887b36cf76a2fb6f3b034f,78630721,2026-10-02T23:38:51Z,191147,-883200,883200,27337727567576994216,27337727567576994216,0.001933150054451799,1933150054451799,theoretical_from_L_and_price,True,193200,200100,no_swap,,,True,0,0,0,0,0,0,2026-10-02T23:47:51Z,2026-10-02T23:47:51Z,cohort_bounded_60m,2026-10-02T23:47:51Z
0x15fd9fb2198e208e671be275a20fb377506cc2ce5c2d010250d684511324a1ed,0x8de860190dae784a9e676cf9056f026f7c9b4848,0x5fc5360d0400a0fd4f2af552add042d716f1d168,0x8de860190dae784a9e676cf9056f026f7c9b4848,0x5fc5360d0400a0fd4f2af552add042d716f1d168,0,600000,6000,0x0000000000000000000000000000000000000000,78631141,2026-10-02T23:39:34Z,0xc22763b9d2fbaa13482c6fd31c6c123e507633cde05c25bddea8baefd9a816cc,78631141,2026-10-02T23:39:34Z,389635,-882000,882000,675487548865951,675487548865951,2.340042,2340042,theoretical_from_L_and_price,True,390000,396000,no_swap,,,True,0,0,0,0,0,0,,,older_pool_history_missing_at_entry,
0x841e97dd4d8da0685ce916fd63a8ca686712bf59f8054c8d7ff0363f34f76133,0x0d6f15fda3c5adf15539b493b52ccfe5b18e12f2,0x0000000000000000000000000000000000000000,0x0d6f15fda3c5adf15539b493b52ccfe5b18e12f2,0x0000000000000000000000000000000000000000,0,660000,6600,0x0000000000000000000000000000000000000000,78632863,2026-10-02T23:42:27Z,0xa8bda9ad7b8647ffb75695af1a1f305b2df12dcc4459ec808c61c11f1d44ad59,78632863,2026-10-02T23:42:27Z,180161,-884400,884400,24418794156581590733,24418794156581590733,0.002990703785836574,2990703785836574,theoretical_from_L_and_price,True,184800,191400,no_swap,,,True,0,0,0,0,0,0,2026-10-02T23:48:12Z,2026-10-02T23:48:12Z,older_pool_history_missing_at_entry,
0xd5e8289fc31f6379c488b7cfcd3aea78dfed950181143cce38cb2d3b0244ae68,0x4542e828be3b2f6f9bbe9423f71c8b876cbffa15,0x4542e828be3b2f6f9bbe9423f71c8b876cbffa15,0x5fc5360d0400a0fd4f2af552add042d716f1d168,0x5fc5360d0400a0fd4f2af552add042d716f1d168,1,600000,6000,0x0000000000000000000000000000000000000000,78635121,2026-10-02T23:46:15Z,0xdf7ac81350a0fa093ccf9543803f3ea9f89d4fe4fddd0428a59d7101b5e388ea,78635121,2026-10-02T23:46:15Z,-384528,-882000,882000,606058458179643,606058458179643,2.710269,2710269,theoretical_from_L_and_price,True,-396000,-390000,no_swap,,,True,0,0,0,0,0,0,,,cohort_bounded_60m,
0xcfd80e490ac61728fe3bdebfc1fb83af5f069047c59906b35cc958cab9aa471c,0x54889e7a7c136011f0151d61827e38d9b27cd4eb,0x0000000000000000000000000000000000000000,0x54889e7a7c136011f0151d61827e38d9b27cd4eb,0x0000000000000000000000000000000000000000,0,500000,5000,0x0000000000000000000000000000000000000000,78637814,2026-10-02T23:50:49Z,0x3292754606aabeabee53e6f76e5f12537619f8bc3db9d57553a76866feee3b35,78637814,2026-10-02T23:50:49Z,189324,-885000,885000,26044835240486117217,26044835240486117217,0.002017477649230024,2017477649230024,theoretical_from_L_and_price,True,190000,195000,interior_crossed_end_mixed,78637823,193164,True,1,2,3,3,0,142358372710658693590633,,,cohort_bounded_60m,
0x7f2461b4444c7ffbbce883a3e41961732c627bee751f4967edbb0093f7e653f8,0x030fa758dad53f0d6e23cfd3a8fe7bc7b54e5ac9,0x030fa758dad53f0d6e23cfd3a8fe7bc7b54e5ac9,0x5fc5360d0400a0fd4f2af552add042d716f1d168,0x5fc5360d0400a0fd4f2af552add042d716f1d168,1,600000,6000,0x0000000000000000000000000000000000000000,78638629,2026-10-02T23:52:10Z,0x157f4d62add0047966c633db196abede63d861caf2d3af29ff671fde3f80ded2,78638629,2026-10-02T23:52:10Z,-380473,-882000,882000,498483147516667,498483147516667,2.730217,2730217,theoretical_from_L_and_price,True,-390000,-384000,no_swap,,,True,0,0,0,0,0,0,,,cohort_bounded_60m,
0xb93647eb4f295b01b3cd22c3a7c1949cf6d12e13908ed55f9891c6268d8d9365,0xcb8f0103c7f7ca153baa10753cdd5f4835eeef82,0x5fc5360d0400a0fd4f2af552add042d716f1d168,0xcb8f0103c7f7ca153baa10753cdd5f4835eeef82,0x5fc5360d0400a0fd4f2af552add042d716f1d168,0,500000,5000,0x0000000000000000000000000000000000000000,78647523,2026-10-03T00:07:11Z,0x26268822789d0f94f8b26d87caa91dc239b6d24cf2cfc12138b37a95702508a7,78647523,2026-10-03T00:07:11Z,403499,-885000,885000,1004375870599802,1004375870599802,1.739661,1739661,theoretical_from_L_and_price,True,405000,410000,no_swap,,,True,0,0,0,0,0,0,,,pool_event_history_censored,
0xf26cdfd017f56e078044a75256b072f236ecdb58c651190fb145ce8bc118d8a7,0xfb83b59cb15b9d8bb6d96380702580a313af9455,0x5fc5360d0400a0fd4f2af552add042d716f1d168,0xfb83b59cb15b9d8bb6d96380702580a313af9455,0x5fc5360d0400a0fd4f2af552add042d716f1d168,0,500000,5000,0x0000000000000000000000000000000000000000,78647832,2026-10-03T00:07:42Z,0xf968e51e559e62a3243f94be964788ddbac7935e2cb0a178dc0181a287774265,78647832,2026-10-03T00:07:42Z,368432,-885000,885000,200008147476215,200008147476215,2.000084,2000084,theoretical_from_L_and_price,True,370000,375000,no_swap,,,True,0,0,0,0,0,0,,,cohort_bounded_60m,
0x6eb0fce86526a034d96b9335af6dccac2301ec1fc094c4245b67474bef67a141,0xd7855d7459ef3d902cfad6128c7afcacd6a0da06,0x5fc5360d0400a0fd4f2af552add042d716f1d168,0xd7855d7459ef3d902cfad6128c7afcacd6a0da06,0x5fc5360d0400a0fd4f2af552add042d716f1d168,0,600000,6000,0x0000000000000000000000000000000000000000,78654722,2026-10-03T00:19:17Z,0xcc74706ca86e71fe00b1bc232852911f33211de524f596d8c303ec7da25ab96c,78654722,2026-10-03T00:19:17Z,425583,-882000,882000,67815508936103,67815508936103,0.038937,38937,theoretical_from_L_and_price,True,426000,432000,swap_no_boundary,,417014,True,0,1,6,7,1794000,2214296256847569584599774,2026-10-03T01:03:16Z,2026-10-03T01:03:16Z,cohort_bounded_60m,2026-10-03T01:03:16Z
0xdac3af0c3cc1e96a935ae505de55f9384fd9ba5f5e63703bcb3c2ab613896872,0x2054031be916c1ecdac3894f37456421fd1c920c,0x0000000000000000000000000000000000000000,0x2054031be916c1ecdac3894f37456421fd1c920c,0x0000000000000000000000000000000000000000,0,690000,6900,0x0000000000000000000000000000000000000000,78655239,2026-10-03T00:20:09Z,0x9c34258efc1379512bd47bbedbdd623b4aeac3def6e43acefe2a9567704bb0cf,78655239,2026-10-03T00:20:09Z,170237,-883200,883200,5548640767079043028,5548640767079043028,0.001116148404479616,1116148404479616,theoretical_from_L_and_price,True,172500,179400,no_swap,,,True,0,0,0,5,0,0,2026-10-03T01:12:46Z,,cohort_bounded_60m,
0xa543dff38850d9fa4366e312c86b6968787cf11a793afd03236c083e98f1e0e1,0x2054031be916c1ecdac3894f37456421fd1c920c,0x2054031be916c1ecdac3894f37456421fd1c920c,0x5fc5360d0400a0fd4f2af552add042d716f1d168,0x5fc5360d0400a0fd4f2af552add042d716f1d168,1,600010,6000,0x0000000000000000000000000000000000000000,78657497,2026-10-03T00:23:56Z,0x87f220a223106ca3ae8e3bbfd11ee961718de8372e5ec06561fe4040ce2b6924,78657497,2026-10-03T00:23:56Z,-366444,-882000,882000,24783240530718,24783240530718,0.273731,273731,theoretical_from_L_and_price,True,-378000,-372000,no_swap,,,True,0,0,0,0,0,0,,,cohort_bounded_60m,
0xcb24e0c77891f25f4f9a1766ecacfb58f674cd946d2024c8533504abd8798029,0xc839a88a05b231515a82c71ee97b4f18973c1340,0x5fc5360d0400a0fd4f2af552add042d716f1d168,0xc839a88a05b231515a82c71ee97b4f18973c1340,0x5fc5360d0400a0fd4f2af552add042d716f1d168,0,660000,6600,0x0000000000000000000000000000000000000000,78660112,2026-10-03T00:28:21Z,0x3e7ef77dc1d491d2c7e7fc6ca928786c59140d34db500c623eb529d75f80ffd4,78660112,2026-10-03T00:28:21Z,374410,-884400,884400,129778230151495,129778230151495,0.962494,962494,theoretical_from_L_and_price,True,376200,382800,no_swap,,,True,0,0,0,0,0,0,,,cohort_bounded_60m,
0x96aec1be4c21c246977ee4d7e24f5ba81d3ecc61aeb62694f3fb3cb8df724ec0,0xc6fb2e4eb44dcd17e02ade42b403af6fa343b0b3,0x5fc5360d0400a0fd4f2af552add042d716f1d168,0xc6fb2e4eb44dcd17e02ade42b403af6fa343b0b3,0x5fc5360d0400a0fd4f2af552add042d716f1d168,0,500000,5000,0x0000000000000000000000000000000000000000,78679995,2026-10-03T01:01:50Z,0x8acb7357d0bb778391632383df987f73e03ce0d1cdf41f0b6df469452d432e85,78679995,2026-10-03T01:01:50Z,368532,-885000,885000,142432198333288,142432198333288,1.41722,1417220,theoretical_from_L_and_price,True,370000,375000,no_swap,,,True,0,0,0,0,0,0,,,cohort_bounded_60m,
0xde81ad28e42cc97b0f9fb6d3123a1e34b6588f6fb02ad5b400acbb050a622c21,0xb97817b76cc1319a4d96f7e3fc179ea005171e18,0x5fc5360d0400a0fd4f2af552add042d716f1d168,0xb97817b76cc1319a4d96f7e3fc179ea005171e18,0x5fc5360d0400a0fd4f2af552add042d716f1d168,0,500000,5000,0x0000000000000000000000000000000000000000,78681132,2026-10-03T01:03:45Z,0xfe98ab101169dab2cbde201027828eed2cdb064fdd8e39a41689716cfb1f06cd,78681132,2026-10-03T01:03:45Z,377848,-885000,885000,156073417110946,156073417110946,0.974706,974706,theoretical_from_L_and_price,True,380000,385000,no_swap,,,True,0,0,0,0,0,0,,,cohort_bounded_60m,
0xc59422deab5552c4ec2cdd3764bde924283018b2bcaaf6ab5b838e21d6b8a7cf,0x250f720fafeceedaedf0578ac84aa2d1c2381e18,0x250f720fafeceedaedf0578ac84aa2d1c2381e18,0x5fc5360d0400a0fd4f2af552add042d716f1d168,0x5fc5360d0400a0fd4f2af552add042d716f1d168,1,650000,6500,0x0000000000000000000000000000000000000000,78681925,2026-10-03T01:05:06Z,0x3daac79c9a1018b4119b880621862e241223942a95152255ff0a8e96c4098acf,78681925,2026-10-03T01:05:06Z,-379827,-884000,884000,301430154582900,301430154582900,1.705141,1705141,theoretical_from_L_and_price,True,-390000,-383500,no_swap,,,True,0,0,0,0,0,0,,,cohort_bounded_60m,
0x624536c38769a6673a2062b15f5e0deda0bd9fce824e0302863aa8c78f923182,0x060a0600abe74166e629f6749de284910ff8d8a3,0x060a0600abe74166e629f6749de284910ff8d8a3,0x5fc5360d0400a0fd4f2af552add042d716f1d168,0x5fc5360d0400a0fd4f2af552add042d716f1d168,1,600000,6000,0x0000000000000000000000000000000000000000,78682929,2026-10-03T01:06:47Z,0x7b577c4be8214ef755aa4335d72c2d31bed0b60a20c51282f2d84f3ea1cca8b9,78682929,2026-10-03T01:06:47Z,-377596,-882000,882000,372892882392033,372892882392033,2.35831,2358310,theoretical_from_L_and_price,True,-384000,-378000,no_swap,,,True,0,0,0,0,0,0,,,cohort_bounded_60m,
0x46595cc912ac5e341f50c48331bf6d2721f06118ef63b54160a74f1e989e83cd,0x68329dc27975f30f20bcf8b1cbb90040c0c0f300,0x5fc5360d0400a0fd4f2af552add042d716f1d168,0x68329dc27975f30f20bcf8b1cbb90040c0c0f300,0x5fc5360d0400a0fd4f2af552add042d716f1d168,0,650000,6500,0x0000000000000000000000000000000000000000,78684290,2026-10-03T01:09:04Z,0xfa6864f1c4688028e6ba10e9973b52113038b4657c9db9f141a0dd3c0b69813d,78684290,2026-10-03T01:09:04Z,374594,-884000,884000,132365260454714,132365260454714,0.972691,972691,theoretical_from_L_and_price,True,377000,383500,no_swap,,,True,0,0,0,0,0,0,,,cohort_bounded_60m,
0xca4045d2edcf858d0a256e302c765b8cfa615ca972d2730992bfe8d088ea9052,0xd68f57b08cd9732e4ddd1a04ba4d26629dc44b8e,0x5fc5360d0400a0fd4f2af552add042d716f1d168,0xd68f57b08cd9732e4ddd1a04ba4d26629dc44b8e,0x5fc5360d0400a0fd4f2af552add042d716f1d168,0,500000,5000,0x0000000000000000000000000000000000000000,78686187,2026-10-03T01:12:16Z,0x0dd6dec7d90a5f97af732bce38936e15cea7f5079d8d3b5f832e94011a75f24f,78686187,2026-10-03T01:12:16Z,380472,-885000,885000,173081366416491,173081366416491,0.948022,948022,theoretical_from_L_and_price,True,385000,390000,no_swap,,,True,0,0,0,0,0,0,,,cohort_bounded_60m,
0xe9baeb369e43406742f4244a45db7f9512b9c90cb445cdb1fb7ec23d0cdf4cd2,0x766a668364905b6fc8210467e23142c59c91069b,0x5fc5360d0400a0fd4f2af552add042d716f1d168,0x766a668364905b6fc8210467e23142c59c91069b,0x5fc5360d0400a0fd4f2af552add042d716f1d168,0,500000,5000,0x0000000000000000000000000000000000000000,78686382,2026-10-03T01:12:36Z,0x1927834bbea67c90e082edc0b12a4444adb831246daf30440d59bd7554414b9a,78686382,2026-10-03T01:12:36Z,407554,-885000,885000,212459902616530,212459902616530,0.300466,300466,theoretical_from_L_and_price,True,410000,415000,no_swap,,,True,0,0,0,0,0,0,,,cohort_bounded_60m,
0x55d10964a7a53c79d9ef0aea7453b6cb450bd1d3b68cb93f8e25a44f7b71ddc1,0xae0c4d5014e0ddfd1f9cbe5acf814c62a84d8ad8,0x5fc5360d0400a0fd4f2af552add042d716f1d168,0xae0c4d5014e0ddfd1f9cbe5acf814c62a84d8ad8,0x5fc5360d0400a0fd4f2af552add042d716f1d168,0,600000,6000,0x0000000000000000000000000000000000000000,78696166,2026-10-03T01:29:03Z,0x4f8d802dc1f85cf7cb95fa19bf2ccac8ae4e8426b8a95990fb1a94ef3f804134,78696166,2026-10-03T01:29:03Z,403499,-882000,882000,293499854475315,293499854475315,0.508365,508365,theoretical_from_L_and_price,True,408000,414000,no_swap,,,True,0,0,0,0,0,0,,,cohort_bounded_60m,
0xd16f1c4bf194b276f3f8315e04163b3d6d12babbd7b094cf70bbefea0f6e98bc,0x6c7c3113bfa9eef3e716a4912d9b0dc47aefe796,0x5fc5360d0400a0fd4f2af552add042d716f1d168,0x6c7c3113bfa9eef3e716a4912d9b0dc47aefe796,0x5fc5360d0400a0fd4f2af552add042d716f1d168,0,660000,6600,0x0000000000000000000000000000000000000000,78699538,2026-10-03T01:34:43Z,0xdbbd9582abfbc9af1d7cff599d9db82debb1bc0f649efa79d526b927d640e936,78699538,2026-10-03T01:34:43Z,357053,-884400,884400,163307769658127,163307769658127,2.884609,2884609,theoretical_from_L_and_price,True,363000,369600,no_swap,,,True,0,0,0,0,0,0,,,cohort_bounded_60m,
0x405f6a1cf7c8d294d8aad915f0007b7d229a79e2159c2e86107e254eae7dbdb7,0x6c7c3113bfa9eef3e716a4912d9b0dc47aefe796,0x5fc5360d0400a0fd4f2af552add042d716f1d168,0x6c7c3113bfa9eef3e716a4912d9b0dc47aefe796,0x5fc5360d0400a0fd4f2af552add042d716f1d168,0,600000,6000,0x0000000000000000000000000000000000000000,78701358,2026-10-03T01:37:47Z,0xc4b2cdbd245e17c4d80b4d4fe9d6808f5cd28259aa09718d66e6bb1d6a6474b7,78701358,2026-10-03T01:37:47Z,361500,-882000,882000,104882668057328,104882668057328,1.48328,1483280,theoretical_from_L_and_price,True,366000,372000,no_swap,,,True,0,0,0,0,0,0,,,cohort_bounded_60m,
0x6062d8adb86fe80c3a41094fdae233afdf18882a75ec32ff6420914793d2aef2,0x6c7c3113bfa9eef3e716a4912d9b0dc47aefe796,0x5fc5360d0400a0fd4f2af552add042d716f1d168,0x6c7c3113bfa9eef3e716a4912d9b0dc47aefe796,0x5fc5360d0400a0fd4f2af552add042d716f1d168,0,500000,5000,0x0000000000000000000000000000000000000000,78710118,2026-10-03T01:52:30Z,0xb17073c75087eafd41d6fdc8fceb8241621ddb26ba7b0542c6695fae79b0436a,78710118,2026-10-03T01:52:30Z,358171,-885000,885000,229895540620906,229895540620906,3.840032,3840032,theoretical_from_L_and_price,True,360000,365000,no_swap,,,True,0,0,0,0,0,0,,,cohort_bounded_60m,
0xa2ef64ba96e835215c5787ef8ae99290e4e94850d0b1b368270c889f62b33b6b,0xe00644f5e7283f6935eaa8a8cc313490b7296d6b,0x5fc5360d0400a0fd4f2af552add042d716f1d168,0xe00644f5e7283f6935eaa8a8cc313490b7296d6b,0x5fc5360d0400a0fd4f2af552add042d716f1d168,0,580000,5800,0x0000000000000000000000000000000000000000,78752466,2026-10-03T03:03:56Z,0x20b77abc0c160138a20f69a4384dfe6d784c9d0c5ee4e297a3f981469985d466,78752466,2026-10-03T03:03:56Z,400622,406000,411800,2599021351519641,2599021351519641,0.999999,999999,theoretical_from_L_and_price,True,406000,411800,no_swap,,,False,0,0,0,0,0,0,,,cohort_bounded_60m,
