token,rule,entryBlock,entryTimestamp,entryTimeUtc,ponsPoolId,ponsBirthBlock,secondsAfterPonsBirth,fundedPoolsAtSignal
0x2c612e2f811f106f1baa1dbc5fbae88f1ac561c7,4/300,78004015,1790921124,2026-10-02T06:05:24+00:00,0x11b2092ba8e2640a50e7daef1b26c3a675a24e5dd87c1ebc9072fc97d537b309,78003849,17,4
0xb3d190087e16b8d49c906a27ee398bfe0f94338c,4/300,78113499,1790932232,2026-10-02T09:10:32+00:00,0x4d4fde10ad072e5a3be743b7af1f037d4d36ad578ec44c5ea341111633bce5e7,78113335,17,4
0x9e795209be691654fb908ab86b3a651551939e16,4/300,78137873,1790934691,2026-10-02T09:51:31+00:00,0x79dbc4def40935c87047a61392c8c0bd21e7cd75c6acc29a29f0300bb09f3df9,78137698,18,4
0x0d0a2a82f0d3897600902cd08e6a5be1b65f74d1,4/300,78243652,1790945381,2026-10-02T12:49:41+00:00,0xbd49513fc5dd7c7d2cf9f09b10682e9e9f602860841a902b037c3034b0b7d41b,78242122,154,4
0x4c2eb3c6af30fafdff09ef368e8db3b2a8e3cff5,4/300,78343945,1790955463,2026-10-02T15:37:43+00:00,0xfe30d38e6e9fad9030cd6d9de35edb82766fe4f4a437446cb0be30e1e5678636,78343795,15,4
0xd5305d850c6a00aabdf8e44b8bbe57fb884b739c,4/300,78349695,1790956040,2026-10-02T15:47:20+00:00,0x7dd56b153d9094281297c9c80ab315e0b38f6bcba243c0a6b2c4ac3233e96d27,78349552,15,4
0x15da2596f4c21227185466066bf0f19d9d526b8a,4/300,78354426,1790956517,2026-10-02T15:55:17+00:00,0x50a505074173d50d7d21d45e19d3a94202dfce860273100d1c19008051e9475f,78352401,205,4
0x7aad7e1e9835f12a53673e1f97662bbca9aedb23,4/300,78382002,1790959290,2026-10-02T16:41:30+00:00,0x3a0f33e35018fc18f36232eb00f50aa1fe1d22cecdf720bbc9c959f12f8d87ee,78381854,15,4
0x8826ffea474dadb69957c4385d6ad9e9de787915,4/300,78434868,1790964609,2026-10-02T18:10:09+00:00,0xf32416e36a317fcd25c6de3dcdd449e6a869be80c69215031cf4287941197a02,78434558,31,4
0x007defdb60b9aa23058d268b7f77516a4ad7d3f0,4/300,78443148,1790965443,2026-10-02T18:24:03+00:00,0x8d4b2e499ccc13372d2cdfc34dc09ebd4d64647d2867f657908013cbac1f985b,78440945,222,4
0x9161cdb8bd4c21375e85c3fe7a5ce74a6ba5da06,4/300,78467998,1790967956,2026-10-02T19:05:56+00:00,0x5766d807d63dba10a0e5e61740e8d46abe5429bd86b7d73d9ad99f41a902fe8b,78467837,17,4
0x02533eb712f3f2925136653b4727e05fa0a7cc49,4/300,78472631,1790968422,2026-10-02T19:13:42+00:00,0x6073f60f42a0a89336aa58955b77bc01415666e2a2ab93705c547691211a2375,78472441,20,4
0x12d2811c1e6319a4b614529506d69024170bfc43,4/300,78474434,1790968603,2026-10-02T19:16:43+00:00,0x8426919b3ef340ba74ea66cb1718eb07873d0ccb50d4484d556c57c714cbf3b5,78473939,49,4
0x1ef76f3be476e47bf26032ff4a9e26b6ea7edbd2,4/300,78552173,1790976444,2026-10-02T21:27:24+00:00,0x9f0ed3aff67d2605b9f4eba893828d0185ba5aa3f5acef7cbbf46734e04f3209,78549865,232,4
0xa9ddbd54f2cbf7de7ce5caefed8fd64b0007f836,4/300,78588055,1790980048,2026-10-02T22:27:28+00:00,0xe59a954abf913dc67665c341660f1868f8a4d8d6a0e2f0fd6f13855797c9040e,78585887,218,4
0x14a64d6f3db9900be9c554d0961f539a16f43f9c,4/300,78605764,1790981826,2026-10-02T22:57:06+00:00,0x3c49c1b3555e35cad29fdb76339612670b16d20a0f85e2c9eb73fe5e0d742d7f,78603336,243,4
0x316fa3ab9a8fd8d7567a823dedecf28d9fee2894,4/300,78608673,1790982119,2026-10-02T23:01:59+00:00,0x68fc670895858c47340536540de932fdbc4f6a5deb3bb10b3198af5dd9bc1441,78606963,172,4
0x2054031be916c1ecdac3894f37456421fd1c920c,5/600,78655239,1790986809,2026-10-03T00:20:09+00:00,0xadd09c955330c0438d507b6a6c02ffb3a8e6a4943edb264f5c2740f037054e36,78650402,488,5
0x6c7c3113bfa9eef3e716a4912d9b0dc47aefe796,4/300,78698787,1790991208,2026-10-03T01:33:28+00:00,0x5c9b2c7f82c9f8693d1b7f6972cb9deaf823949a1106694df08e1839d62ed5e6,78697254,155,4
