poolFeeBps,creatorTaxBps,marginalProfitUsd,oneTickProfitUsd,oneTickEndWalletUsd,oneTickArbTrades,oneTickActivatedPositions,oneTickThirdPartyCreatorFeesEth,oneTickUnquotedXUnits,oneTickUnredeemedNUnits
100,0,-12.187091,-12.291044,91.708956,17,17,0.000264843606,118893.102128,0.000000000
100,100,-11.530208,-11.658492,92.341508,18,17,0.000727334898,181109.214686,0.000000000
100,200,-12.017219,-12.115026,91.884974,19,17,0.001000899159,115079.328468,0.000000000
100,300,-12.111907,-13.333676,90.666324,22,17,0.001357460080,0.000000,0.000000000
100,400,-11.680145,-11.584577,92.415423,19,17,0.001706376479,204907.434068,0.000000000
100,500,-11.216816,-11.308593,92.691407,21,17,0.002047648395,0.000000,0.000000000
100,600,-10.407371,-9.973835,94.026165,21,17,0.002669908256,0.000000,0.000000000
100,700,-9.872071,-9.959319,94.040681,18,17,0.002707258924,0.000000,0.000000000
100,800,-6.941036,-7.453453,96.546547,21,17,0.004451189670,27270.205304,0.000000000
100,900,-8.001417,-8.416075,95.583925,22,17,0.004312299279,24179.474661,0.000000000
100,1000,-10.850567,-10.924430,93.075570,19,17,0.003639342015,0.000000,0.000000000
700,0,-11.590375,-11.704678,92.295322,20,17,0.000264843606,0.000000,0.000000000
700,100,-11.043796,-11.155658,92.844342,19,17,0.000636693680,0.000000,0.000000000
700,200,-6.806012,-8.102201,95.897799,22,17,0.001534076225,67523.853435,0.000000000
700,300,-8.384293,-8.886980,95.113020,23,17,0.001854880455,62736.408433,0.000000019
700,400,-9.493131,-9.905743,94.094257,21,17,0.002037678282,57944.871857,0.000000007
700,500,-11.412989,-11.506068,92.493932,19,17,0.002047648395,0.000000,0.000000000
700,600,-10.399603,-10.862083,93.137917,18,17,0.002381275864,77370.841522,0.000000000
700,700,-9.612327,-5.239288,98.760712,24,17,0.003786144565,51946.581615,0.000000000
700,800,-5.893576,-3.950930,100.049070,25,17,0.004240185801,215647.715868,0.000000030
700,900,-6.411587,-9.179752,94.820248,23,17,0.003841990804,159026.716621,0.000000000
700,1000,-10.726374,-10.542139,93.457861,22,16,0.003966486294,0.000000,0.000000000
2000,0,-13.537691,-13.839282,90.160718,19,16,0.000264189662,97851.252380,0.000000000
2000,100,-12.705221,-11.261176,92.738824,19,16,0.000635105399,0.000000,0.000000000
2000,200,-13.188886,-10.585024,93.414976,22,16,0.001135896642,0.000000,0.000000000
2000,300,-12.458311,-15.755302,88.244698,20,16,0.001354106049,0.000000,0.000000000
2000,400,-11.868426,-12.549547,91.450453,19,16,0.001702159405,0.000000,0.000000000
2000,500,-7.920925,-8.283446,95.716554,21,16,0.002298846776,0.000000,0.000000004
2000,600,4.630304,-8.768327,95.231673,21,16,0.002605961529,0.000000,0.000000000
2000,700,-9.949628,-10.605705,93.394295,19,15,0.002691635998,0.000000,0.000000000
2000,800,-4.018292,-2.082742,101.917258,19,15,0.003870826637,0.000000,0.000000000
2000,900,4.117199,5.419811,109.419811,22,15,0.005060982542,416601.291750,0.000000000
2000,1000,-13.813413,-13.887837,90.112163,17,14,0.003602311033,0.000000,0.000000000
5000,0,19.946167,16.418468,120.418468,9,7,0.000225177830,0.000000,0.000000000
5000,100,6.233630,3.890767,107.890767,10,7,0.000531550475,43961.930953,0.000000000
5000,200,-4.620145,-6.556361,97.443639,9,7,0.000818746245,74009.119470,0.000000000
5000,300,-11.748016,-14.055854,89.944146,8,6,0.001093436711,94787.080444,0.000000000
5000,400,-14.149911,-14.273429,89.726571,8,6,0.001374430029,90711.232091,0.000000000
5000,500,-13.256025,-11.801862,92.198138,9,6,0.001644650367,86633.555033,0.000000001
5000,600,-12.972681,-13.367038,90.632962,8,5,0.001756603992,82554.048041,0.000000000
5000,700,-12.446741,-12.556934,91.443066,6,5,0.001996956336,78472.709882,0.000000000
5000,800,-13.209763,-13.310839,90.689161,7,5,0.002231642140,74389.539322,0.000000000
5000,900,-12.415399,-12.686545,91.313455,7,5,0.002460662407,70304.535128,0.000000000
5000,1000,-11.636091,-13.202942,90.797058,7,5,0.002684018141,66217.696065,0.000000000
7000,0,-12.621801,-14.445141,89.554859,6,5,0.000195436521,1275459.634747,0.000000000
7000,100,-12.068209,-12.148486,91.851514,6,5,0.000469809125,881484.001674,0.000000000
7000,200,-11.239495,-12.741786,91.258214,7,5,0.000738509186,1203118.002538,0.000000000
7000,300,-11.887375,-12.362744,91.637256,7,5,0.001001537704,805602.463854,0.000000000
7000,400,-11.505289,-11.210032,92.789968,6,5,0.001258895677,776184.160238,0.000000000
7000,500,-11.645015,-11.658896,92.341104,7,5,0.001510584106,1014581.854304,0.000000001
7000,600,-10.847530,-10.861124,93.138876,5,5,0.001756603992,976934.234730,0.000000000
7000,700,-10.065128,-10.078438,93.921562,5,5,0.001996956336,939269.716282,0.000000000
7000,800,-9.495383,-9.507955,94.492045,6,5,0.002231642140,901588.287579,0.000000000
7000,900,-8.741011,-8.753315,95.246685,6,5,0.002460662407,863889.937230,0.000000000
7000,1000,-11.017207,-11.610915,92.389085,7,5,0.002684018141,1144861.539555,0.000000001
