creatorTaxBps,ponsBaseFeeBps,ponsTotalFeeBps,independentPoolFeeBps,externalVenueFeeBps,minimumPreFeePriceGapPct,taxOn100UsdEquivalent,creatorBaseFeeCashOn100UsdEquivalent,creatorTotalCashOn100UsdEquivalent,genuineVolumeForGasTaxOnlyUsd,genuineVolumeForGasCreatorCashUsd,genuineVolumeForIllustrativeForkLossPlusGasTaxOnlyUsd,genuineVolumeForIllustrativeForkLossPlusGasCreatorCashUsd
0,100,100,100,0,2.030405060708091011121314152,0,0.700,0.700,,5.128571428571428571428571429,,169.8940285714285714285714286
0,100,100,700,0,8.613011838818290431193657000,0,0.700,0.700,,5.128571428571428571428571429,,169.8940285714285714285714286
0,100,100,2000,0,26.26262626262626262626262626,0,0.700,0.700,,5.128571428571428571428571429,,169.8940285714285714285714286
0,100,100,5000,0,102.0202020202020202020202020,0,0.700,0.700,,5.128571428571428571428571429,,169.8940285714285714285714286
0,100,100,7000,0,236.7003367003367003367003367,0,0.700,0.700,,5.128571428571428571428571429,,169.8940285714285714285714286
100,100,200,100,0,3.071531642960214388785817357,1.00,0.700,1.700,3.59,2.111764705882352941176470588,118.92582,69.95636470588235294117647059
100,100,200,700,0,9.721307877989905639675224929,1.00,0.700,1.700,3.59,2.111764705882352941176470588,118.92582,69.95636470588235294117647059
100,100,200,2000,0,27.55102040816326530612244898,1.00,0.700,1.700,3.59,2.111764705882352941176470588,118.92582,69.95636470588235294117647059
100,100,200,5000,0,104.0816326530612244897959184,1.00,0.700,1.700,3.59,2.111764705882352941176470588,118.92582,69.95636470588235294117647059
100,100,200,7000,0,240.1360544217687074829931973,1.00,0.700,1.700,3.59,2.111764705882352941176470588,118.92582,69.95636470588235294117647059
200,100,300,100,0,4.134124752681453712381547433,2.00,0.700,2.700,1.795,1.329629629629629629629629630,59.46291,44.0466
200,100,300,700,0,10.85245538188670879059971178,2.00,0.700,2.700,1.795,1.329629629629629629629629630,59.46291,44.0466
200,100,300,2000,0,28.86597938144329896907216495,2.00,0.700,2.700,1.795,1.329629629629629629629629630,59.46291,44.0466
200,100,300,5000,0,106.1855670103092783505154639,2.00,0.700,2.700,1.795,1.329629629629629629629629630,59.46291,44.0466
200,100,300,7000,0,243.6426116838487972508591065,2.00,0.700,2.700,1.795,1.329629629629629629629629630,59.46291,44.0466
300,100,400,100,0,5.218855218855218855218855219,3.00,0.700,3.700,1.196666666666666666666666667,0.9702702702702702702702702703,39.64194,32.14211351351351351351351351
300,100,400,700,0,12.00716845878136200716845878,3.00,0.700,3.700,1.196666666666666666666666667,0.9702702702702702702702702703,39.64194,32.14211351351351351351351351
300,100,400,2000,0,30.20833333333333333333333333,3.00,0.700,3.700,1.196666666666666666666666667,0.9702702702702702702702702703,39.64194,32.14211351351351351351351351
300,100,400,5000,0,108.3333333333333333333333333,3.00,0.700,3.700,1.196666666666666666666666667,0.9702702702702702702702702703,39.64194,32.14211351351351351351351351
300,100,400,7000,0,247.2222222222222222222222222,3.00,0.700,3.700,1.196666666666666666666666667,0.9702702702702702702702702703,39.64194,32.14211351351351351351351351
400,100,500,100,0,6.326422115895800106326422116,4.00,0.700,4.700,0.8975,0.7638297872340425531914893617,29.731455,25.30336595744680851063829787
400,100,500,700,0,13.18619128466327108092812677,4.00,0.700,4.700,0.8975,0.7638297872340425531914893617,29.731455,25.30336595744680851063829787
400,100,500,2000,0,31.57894736842105263157894737,4.00,0.700,4.700,0.8975,0.7638297872340425531914893617,29.731455,25.30336595744680851063829787
400,100,500,5000,0,110.5263157894736842105263158,4.00,0.700,4.700,0.8975,0.7638297872340425531914893617,29.731455,25.30336595744680851063829787
400,100,500,7000,0,250.8771929824561403508771930,4.00,0.700,4.700,0.8975,0.7638297872340425531914893617,29.731455,25.30336595744680851063829787
500,100,600,100,0,7.457554266064904362776703202,5.00,0.700,5.700,0.718,0.6298245614035087719298245614,23.785164,20.86417894736842105263157895
500,100,600,700,0,14.39029970258522077327842599,5.00,0.700,5.700,0.718,0.6298245614035087719298245614,23.785164,20.86417894736842105263157895
500,100,600,2000,0,32.97872340425531914893617021,5.00,0.700,5.700,0.718,0.6298245614035087719298245614,23.785164,20.86417894736842105263157895
500,100,600,5000,0,112.7659574468085106382978723,5.00,0.700,5.700,0.718,0.6298245614035087719298245614,23.785164,20.86417894736842105263157895
500,100,600,7000,0,254.6099290780141843971631206,5.00,0.700,5.700,0.718,0.6298245614035087719298245614,23.785164,20.86417894736842105263157895
600,100,700,100,0,8.613011838818290431193657000,6.00,0.700,6.700,0.5983333333333333333333333333,0.5358208955223880597014925373,19.82097,17.75012238805970149253731343
600,100,700,700,0,15.62030292519366400739969939,6.00,0.700,6.700,0.5983333333333333333333333333,0.5358208955223880597014925373,19.82097,17.75012238805970149253731343
600,100,700,2000,0,34.40860215053763440860215054,6.00,0.700,6.700,0.5983333333333333333333333333,0.5358208955223880597014925373,19.82097,17.75012238805970149253731343
600,100,700,5000,0,115.0537634408602150537634409,6.00,0.700,6.700,0.5983333333333333333333333333,0.5358208955223880597014925373,19.82097,17.75012238805970149253731343
600,100,700,7000,0,258.4229390681003584229390681,6.00,0.700,6.700,0.5983333333333333333333333333,0.5358208955223880597014925373,19.82097,17.75012238805970149253731343
700,100,800,100,0,9.793588054457619675010979359,7.00,0.700,7.700,0.5128571428571428571428571429,0.4662337662337662337662337662,16.98940285714285714285714286,15.44491168831168831168831169
700,100,800,700,0,16.87704534829359513791491351,7.00,0.700,7.700,0.5128571428571428571428571429,0.4662337662337662337662337662,16.98940285714285714285714286,15.44491168831168831168831169
700,100,800,2000,0,35.86956521739130434782608696,7.00,0.700,7.700,0.5128571428571428571428571429,0.4662337662337662337662337662,16.98940285714285714285714286,15.44491168831168831168831169
700,100,800,5000,0,117.3913043478260869565217391,7.00,0.700,7.700,0.5128571428571428571428571429,0.4662337662337662337662337662,16.98940285714285714285714286,15.44491168831168831168831169
700,100,800,7000,0,262.3188405797101449275362319,7.00,0.700,7.700,0.5128571428571428571428571429,0.4662337662337662337662337662,16.98940285714285714285714286,15.44491168831168831168831169
800,100,900,100,0,11.00011100011100011100011100,8.00,0.700,8.700,0.44875,0.4126436781609195402298850575,14.8657275,13.66963448275862068965517241
800,100,900,700,0,18.16140848398912915041947300,8.00,0.700,8.700,0.44875,0.4126436781609195402298850575,14.8657275,13.66963448275862068965517241
800,100,900,2000,0,37.36263736263736263736263736,8.00,0.700,8.700,0.44875,0.4126436781609195402298850575,14.8657275,13.66963448275862068965517241
800,100,900,5000,0,119.7802197802197802197802198,8.00,0.700,8.700,0.44875,0.4126436781609195402298850575,14.8657275,13.66963448275862068965517241
800,100,900,7000,0,266.3003663003663003663003663,8.00,0.700,8.700,0.44875,0.4126436781609195402298850575,14.8657275,13.66963448275862068965517241
900,100,1000,100,0,12.23344556677890011223344557,9.00,0.700,9.700,0.3988888888888888888888888889,0.3701030927835051546391752577,13.21398,12.26039381443298969072164948
900,100,1000,700,0,19.47431302270011947431302270,9.00,0.700,9.700,0.3988888888888888888888888889,0.3701030927835051546391752577,13.21398,12.26039381443298969072164948
900,100,1000,2000,0,38.88888888888888888888888889,9.00,0.700,9.700,0.3988888888888888888888888889,0.3701030927835051546391752577,13.21398,12.26039381443298969072164948
900,100,1000,5000,0,122.2222222222222222222222222,9.00,0.700,9.700,0.3988888888888888888888888889,0.3701030927835051546391752577,13.21398,12.26039381443298969072164948
900,100,1000,7000,0,270.3703703703703703703703704,9.00,0.700,9.700,0.3988888888888888888888888889,0.3701030927835051546391752577,13.21398,12.26039381443298969072164948
1000,100,1100,100,0,13.49449551696742707978663035,10.0,0.700,10.700,0.359,0.3355140186915887850467289720,11.892582,11.11456261682242990654205607
1000,100,1100,700,0,20.81672103419113205267609037,10.0,0.700,10.700,0.359,0.3355140186915887850467289720,11.892582,11.11456261682242990654205607
1000,100,1100,2000,0,40.44943820224719101123595506,10.0,0.700,10.700,0.359,0.3355140186915887850467289720,11.892582,11.11456261682242990654205607
1000,100,1100,5000,0,124.7191011235955056179775281,10.0,0.700,10.700,0.359,0.3355140186915887850467289720,11.892582,11.11456261682242990654205607
1000,100,1100,7000,0,274.5318352059925093632958801,10.0,0.700,10.700,0.359,0.3355140186915887850467289720,11.892582,11.11456261682242990654205607
