rule,remainingThreshold,rawPoolBurstTokens,highFeeBirthTokens,entryCount24h,liquidityExitWithin30m,maxHoldExit30m,rightCensored,completeExitWithin30m,medianObservedHoldSeconds
3/60,0.95,27,25,25,3,22,0,25,1800
3/60,0.90,27,25,25,3,22,0,25,1800
3/60,0.85,27,25,25,3,22,0,25,1800
3/60,0.80,27,25,25,3,22,0,25,1800
3/60,0.75,27,25,25,3,22,0,25,1800
3/60,0.70,27,25,25,2,23,0,25,1800
3/60,0.60,27,25,25,2,23,0,25,1800
3/60,0.50,27,25,25,1,24,0,25,1800
3/120,0.95,36,33,33,7,26,0,33,1800
3/120,0.90,36,33,33,7,26,0,33,1800
3/120,0.85,36,33,33,7,26,0,33,1800
3/120,0.80,36,33,33,7,26,0,33,1800
3/120,0.75,36,33,33,7,26,0,33,1800
3/120,0.70,36,33,33,6,27,0,33,1800
3/120,0.60,36,33,33,6,27,0,33,1800
3/120,0.50,36,33,33,5,28,0,33,1800
3/180,0.95,43,39,39,9,30,0,39,1800
3/180,0.90,43,39,39,8,31,0,39,1800
3/180,0.85,43,39,39,8,31,0,39,1800
3/180,0.80,43,39,39,8,31,0,39,1800
3/180,0.75,43,39,39,8,31,0,39,1800
3/180,0.70,43,39,39,7,32,0,39,1800
3/180,0.60,43,39,39,7,32,0,39,1800
3/180,0.50,43,39,39,6,33,0,39,1800
3/300,0.95,54,49,49,13,36,0,49,1800
3/300,0.90,54,49,49,10,39,0,49,1800
3/300,0.85,54,49,49,10,39,0,49,1800
3/300,0.80,54,49,49,10,39,0,49,1800
3/300,0.75,54,49,49,10,39,0,49,1800
3/300,0.70,54,49,49,10,39,0,49,1800
3/300,0.60,54,49,49,10,39,0,49,1800
3/300,0.50,54,49,49,8,41,0,49,1800
3/600,0.95,67,60,60,14,46,0,60,1800.0
3/600,0.90,67,60,60,11,49,0,60,1800.0
3/600,0.85,67,60,60,11,49,0,60,1800.0
3/600,0.80,67,60,60,11,49,0,60,1800.0
3/600,0.75,67,60,60,11,49,0,60,1800.0
3/600,0.70,67,60,60,11,49,0,60,1800.0
3/600,0.60,67,60,60,11,49,0,60,1800.0
3/600,0.50,67,60,60,9,51,0,60,1800.0
4/60,0.95,9,8,8,3,5,0,8,1800.0
4/60,0.90,9,8,8,3,5,0,8,1800.0
4/60,0.85,9,8,8,3,5,0,8,1800.0
4/60,0.80,9,8,8,3,5,0,8,1800.0
4/60,0.75,9,8,8,3,5,0,8,1800.0
4/60,0.70,9,8,8,3,5,0,8,1800.0
4/60,0.60,9,8,8,3,5,0,8,1800.0
4/60,0.50,9,8,8,2,6,0,8,1800.0
4/120,0.95,12,10,10,4,6,0,10,1800.0
4/120,0.90,12,10,10,4,6,0,10,1800.0
4/120,0.85,12,10,10,4,6,0,10,1800.0
4/120,0.80,12,10,10,4,6,0,10,1800.0
4/120,0.75,12,10,10,4,6,0,10,1800.0
4/120,0.70,12,10,10,3,7,0,10,1800.0
4/120,0.60,12,10,10,3,7,0,10,1800.0
4/120,0.50,12,10,10,2,8,0,10,1800.0
4/180,0.95,17,15,15,5,10,0,15,1800
4/180,0.90,17,15,15,5,10,0,15,1800
4/180,0.85,17,15,15,5,10,0,15,1800
4/180,0.80,17,15,15,5,10,0,15,1800
4/180,0.75,17,15,15,5,10,0,15,1800
4/180,0.70,17,15,15,4,11,0,15,1800
4/180,0.60,17,15,15,4,11,0,15,1800
4/180,0.50,17,15,15,3,12,0,15,1800
4/300,0.95,23,21,21,4,17,0,21,1800
4/300,0.90,23,21,21,4,17,0,21,1800
4/300,0.85,23,21,21,4,17,0,21,1800
4/300,0.80,23,21,21,4,17,0,21,1800
4/300,0.75,23,21,21,4,17,0,21,1800
4/300,0.70,23,21,21,4,17,0,21,1800
4/300,0.60,23,21,21,4,17,0,21,1800
4/300,0.50,23,21,21,3,18,0,21,1800
4/600,0.95,33,29,29,9,20,0,29,1800
4/600,0.90,33,29,29,8,21,0,29,1800
4/600,0.85,33,29,29,8,21,0,29,1800
4/600,0.80,33,29,29,7,22,0,29,1800
4/600,0.75,33,29,29,7,22,0,29,1800
4/600,0.70,33,29,29,7,22,0,29,1800
4/600,0.60,33,29,29,7,22,0,29,1800
4/600,0.50,33,29,29,6,23,0,29,1800
5/60,0.95,1,0,0,0,0,0,0,
5/60,0.90,1,0,0,0,0,0,0,
5/60,0.85,1,0,0,0,0,0,0,
5/60,0.80,1,0,0,0,0,0,0,
5/60,0.75,1,0,0,0,0,0,0,
5/60,0.70,1,0,0,0,0,0,0,
5/60,0.60,1,0,0,0,0,0,0,
5/60,0.50,1,0,0,0,0,0,0,
5/120,0.95,3,2,2,1,1,0,2,1000.0
5/120,0.90,3,2,2,1,1,0,2,1078.0
5/120,0.85,3,2,2,1,1,0,2,1078.0
5/120,0.80,3,2,2,1,1,0,2,1145.5
5/120,0.75,3,2,2,1,1,0,2,1145.5
5/120,0.70,3,2,2,0,2,0,2,1800.0
5/120,0.60,3,2,2,0,2,0,2,1800.0
5/120,0.50,3,2,2,0,2,0,2,1800.0
5/180,0.95,6,4,4,3,1,0,4,536.0
5/180,0.90,6,4,4,3,1,0,4,536.0
5/180,0.85,6,4,4,3,1,0,4,536.0
5/180,0.80,6,4,4,3,1,0,4,602.5
5/180,0.75,6,4,4,3,1,0,4,602.5
5/180,0.70,6,4,4,2,2,0,4,1257.0
5/180,0.60,6,4,4,2,2,0,4,1257.0
5/180,0.50,6,4,4,2,2,0,4,1298.5
5/300,0.95,12,10,10,3,7,0,10,1800.0
5/300,0.90,12,10,10,3,7,0,10,1800.0
5/300,0.85,12,10,10,3,7,0,10,1800.0
5/300,0.80,12,10,10,3,7,0,10,1800.0
5/300,0.75,12,10,10,3,7,0,10,1800.0
5/300,0.70,12,10,10,3,7,0,10,1800.0
5/300,0.60,12,10,10,3,7,0,10,1800.0
5/300,0.50,12,10,10,3,7,0,10,1800.0
5/600,0.95,23,20,20,5,15,0,20,1800.0
5/600,0.90,23,20,20,4,16,0,20,1800.0
5/600,0.85,23,20,20,4,16,0,20,1800.0
5/600,0.80,23,20,20,4,16,0,20,1800.0
5/600,0.75,23,20,20,4,16,0,20,1800.0
5/600,0.70,23,20,20,4,16,0,20,1800.0
5/600,0.60,23,20,20,3,17,0,20,1800.0
5/600,0.50,23,20,20,3,17,0,20,1800.0
6/60,0.95,1,0,0,0,0,0,0,
6/60,0.90,1,0,0,0,0,0,0,
6/60,0.85,1,0,0,0,0,0,0,
6/60,0.80,1,0,0,0,0,0,0,
6/60,0.75,1,0,0,0,0,0,0,
6/60,0.70,1,0,0,0,0,0,0,
6/60,0.60,1,0,0,0,0,0,0,
6/60,0.50,1,0,0,0,0,0,0,
6/120,0.95,1,0,0,0,0,0,0,
6/120,0.90,1,0,0,0,0,0,0,
6/120,0.85,1,0,0,0,0,0,0,
6/120,0.80,1,0,0,0,0,0,0,
6/120,0.75,1,0,0,0,0,0,0,
6/120,0.70,1,0,0,0,0,0,0,
6/120,0.60,1,0,0,0,0,0,0,
6/120,0.50,1,0,0,0,0,0,0,
6/180,0.95,1,0,0,0,0,0,0,
6/180,0.90,1,0,0,0,0,0,0,
6/180,0.85,1,0,0,0,0,0,0,
6/180,0.80,1,0,0,0,0,0,0,
6/180,0.75,1,0,0,0,0,0,0,
6/180,0.70,1,0,0,0,0,0,0,
6/180,0.60,1,0,0,0,0,0,0,
6/180,0.50,1,0,0,0,0,0,0,
6/300,0.95,4,2,2,2,0,0,2,536.0
6/300,0.90,4,2,2,2,0,0,2,536.0
6/300,0.85,4,2,2,2,0,0,2,536.0
6/300,0.80,4,2,2,2,0,0,2,536.0
6/300,0.75,4,2,2,2,0,0,2,536.0
6/300,0.70,4,2,2,2,0,0,2,536.0
6/300,0.60,4,2,2,2,0,0,2,536.0
6/300,0.50,4,2,2,2,0,0,2,577.5
6/600,0.95,11,9,9,4,5,0,9,1800
6/600,0.90,11,9,9,4,5,0,9,1800
6/600,0.85,11,9,9,4,5,0,9,1800
6/600,0.80,11,9,9,4,5,0,9,1800
6/600,0.75,11,9,9,3,6,0,9,1800
6/600,0.70,11,9,9,3,6,0,9,1800
6/600,0.60,11,9,9,3,6,0,9,1800
6/600,0.50,11,9,9,3,6,0,9,1800
