rule,birthUsdgFloor,baselineEntries,baselineEntriesWithMaxBirthDepositAtLeastFloor
3/60,0.01,25,23
3/60,0.10,25,23
3/60,0.50,25,22
3/60,1.00,25,0
3/120,0.01,33,31
3/120,0.10,33,31
3/120,0.50,33,29
3/120,1.00,33,6
3/180,0.01,39,36
3/180,0.10,39,35
3/180,0.50,39,32
3/180,1.00,39,9
3/300,0.01,49,44
3/300,0.10,49,42
3/300,0.50,49,39
3/300,1.00,49,10
3/600,0.01,60,56
3/600,0.10,60,52
3/600,0.50,60,46
3/600,1.00,60,14
4/60,0.01,8,8
4/60,0.10,8,8
4/60,0.50,8,7
4/60,1.00,8,2
4/120,0.01,10,9
4/120,0.10,10,9
4/120,0.50,10,8
4/120,1.00,10,2
4/180,0.01,15,13
4/180,0.10,15,13
4/180,0.50,15,12
4/180,1.00,15,3
4/300,0.01,21,20
4/300,0.10,21,19
4/300,0.50,21,17
4/300,1.00,21,4
4/600,0.01,29,29
4/600,0.10,29,27
4/600,0.50,29,25
4/600,1.00,29,9
5/60,0.01,0,0
5/60,0.10,0,0
5/60,0.50,0,0
5/60,1.00,0,0
5/120,0.01,2,2
5/120,0.10,2,2
5/120,0.50,2,2
5/120,1.00,2,1
5/180,0.01,4,4
5/180,0.10,4,4
5/180,0.50,4,3
5/180,1.00,4,2
5/300,0.01,10,10
5/300,0.10,10,9
5/300,0.50,10,8
5/300,1.00,10,3
5/600,0.01,20,19
5/600,0.10,20,18
5/600,0.50,20,16
5/600,1.00,20,6
6/60,0.01,0,0
6/60,0.10,0,0
6/60,0.50,0,0
6/60,1.00,0,0
6/120,0.01,0,0
6/120,0.10,0,0
6/120,0.50,0,0
6/120,1.00,0,0
6/180,0.01,0,0
6/180,0.10,0,0
6/180,0.50,0,0
6/180,1.00,0,0
6/300,0.01,2,2
6/300,0.10,2,2
6/300,0.50,2,1
6/300,1.00,2,1
6/600,0.01,9,9
6/600,0.10,9,8
6/600,0.50,9,7
6/600,1.00,9,3
