rule,token,entryBlock,entryTimeUtc,signalPoolId,windowSeconds,knownPoolCountAtSignal,burstPoolCountAtSignal,lowerFeeKnownPoolCount,lowerFeeBurstPoolCount,poolIds,lowerFeePoolIdsAtSignal,fundingStatus
3/300,0x8f86a15ec17cb3369d8b3e666dadbc11daa82b79,77979653,2026-10-02T05:24:13Z,0xd0c090088917c2ebf5fd85ee45242318b261952aea9c470db90c152420befc4e,0,10,10,10,10,0x0703e1e3c863e9f0d5bf856c135e0ac1ef9057337cbff02509ee346a18c9e8a3|0x0e2b774c9e8afc55edbac7bcade9ac3b95cb177ba0528982d8f9862831203b47|0xd0c090088917c2ebf5fd85ee45242318b261952aea9c470db90c152420befc4e|0xab0575c0b1679bad16e51478e23314fbb644ff833a7c425c946550fd2c2160a2|0xdd48d254b9716e6400b461947495689c06076303f6c3cc2d9fb0d0bd95b5e5e7|0xf49412078473c8e0abfd844113f2e9703987f059389d53beee35f970afa0dfcc|0xe6b907651399589cf3ed2f6bb3dd05de2dcaebac5d950630c2bd1432368aef88|0x9ce7392a4c64de376271a0be327ec36949c02c12957235e69a58c255c735950e|0x15fb50dd1b1d7c610edb7c90e736de668c9336250dfb92b696fb49406e89daf3|0xb2ceaa6687218c20c77376ecafc05064f83d022506fa9b5acb475a91e7b33803,0x0703e1e3c863e9f0d5bf856c135e0ac1ef9057337cbff02509ee346a18c9e8a3|0x0e2b774c9e8afc55edbac7bcade9ac3b95cb177ba0528982d8f9862831203b47|0xd0c090088917c2ebf5fd85ee45242318b261952aea9c470db90c152420befc4e|0xab0575c0b1679bad16e51478e23314fbb644ff833a7c425c946550fd2c2160a2|0xdd48d254b9716e6400b461947495689c06076303f6c3cc2d9fb0d0bd95b5e5e7|0xf49412078473c8e0abfd844113f2e9703987f059389d53beee35f970afa0dfcc|0xe6b907651399589cf3ed2f6bb3dd05de2dcaebac5d950630c2bd1432368aef88|0x9ce7392a4c64de376271a0be327ec36949c02c12957235e69a58c255c735950e|0x15fb50dd1b1d7c610edb7c90e736de668c9336250dfb92b696fb49406e89daf3|0xb2ceaa6687218c20c77376ecafc05064f83d022506fa9b5acb475a91e7b33803,not_checked_birth_only
3/300,0x2c612e2f811f106f1baa1dbc5fbae88f1ac561c7,78004015,2026-10-02T06:05:24Z,0x4ec3d1fc53ae7ed564f4db9253e34df74794547cd796b8b289413dee041322c3,23,3,3,0,0,0x2fa9ce12d1f3e31a26a0d9ab05416c534dd574fd700c1e3086c76c006be27d57|0x7bdc77a45013c0a883c092bd6fae6e40b2159789c89a900650c9deff101973eb|0x4ec3d1fc53ae7ed564f4db9253e34df74794547cd796b8b289413dee041322c3,,not_checked_birth_only
3/300,0xafdc93ae51e4d9640534f4e44789561c182cdab9,78021150,2026-10-02T06:34:22Z,0xca0991c4be7926f78b69443f92dd8a614bc4b0808e2f53c41a97c5387e26c29b,194,8,3,3,2,0xeea9dcff277b76c95563ee0b0c54fd013338c02cd1fe05450828dbee74b6c400|0x86aff9baebf0e65fde953c441f2ebfe7437c4fd8ab6ea70b53952fdf657d7328|0x7b64847eb04fa780bd86ac0fb3276beb5c8aa4e2b408d46350ba03aeb9edc842|0xa0606c84031a03f5493cd192eb667f6e0a4eb9db11579270295d3521b0dfd5cb|0x546662658cb01dc6099d1f391eb06cf019b65b8674ec7e9f1b431f53c6902d57|0xaac390a3de079d2d918090cd81e2bc92ed9430593b5b4658bbec187c94c0942c|0xa8eaf75b75b0c549e8c216db0e04b04bb3860d9db1d945d4804666e5d7892b34|0xca0991c4be7926f78b69443f92dd8a614bc4b0808e2f53c41a97c5387e26c29b,0xa0606c84031a03f5493cd192eb667f6e0a4eb9db11579270295d3521b0dfd5cb|0xa8eaf75b75b0c549e8c216db0e04b04bb3860d9db1d945d4804666e5d7892b34|0xca0991c4be7926f78b69443f92dd8a614bc4b0808e2f53c41a97c5387e26c29b,not_checked_birth_only
3/300,0xb3d190087e16b8d49c906a27ee398bfe0f94338c,78113499,2026-10-02T09:10:32Z,0x1ec2947abca55d4e51892579f5755d0d8e15a805cdcb639633c964449b7fe95d,252,3,3,0,0,0xd2256c8d98f6c8c3850ab944919afebdbc262e5354ac45452acb6839db016e3a|0x7a6ec64dd2769a138759946b6da3c3bc397b471525b3c0ea7f081d5d56582197|0x1ec2947abca55d4e51892579f5755d0d8e15a805cdcb639633c964449b7fe95d,,not_checked_birth_only
3/300,0x9e795209be691654fb908ab86b3a651551939e16,78137873,2026-10-02T09:51:31Z,0x08c5c95bca10111247047e493979b00226c4f3d23d75ee631c5bd2591e7f514a,158,3,3,0,0,0x76d4010bb8b3ffa76c9f8a033496064f40b6238ec46766e7e04f36e62ce491a4|0x16ce9ccbb2f6f306987459ded336cd3488f4e9d7d1fa5351f1a9333919afad58|0x08c5c95bca10111247047e493979b00226c4f3d23d75ee631c5bd2591e7f514a,,not_checked_birth_only
3/300,0x5c53c1dcc86286d78dd68b5c6bd995eac646338c,78142970,2026-10-02T10:00:04Z,0x61c5c3022beb68adb5cf84a124c4af9bceb22c2c761796c1e34ede370a0d9f42,252,4,3,0,0,0x69e4a2abdcb18cfc7a4412f1853063fc834e3de08f444169547d171f9610e400|0xf54033bb6e9d44c880993d8d6c23b04cb685b33ded39da64ee949f0f07059c2c|0xee95f906824b8ff29954bc6f6a9d1ebde67429bb62571507e808e4bc01c2f847|0x61c5c3022beb68adb5cf84a124c4af9bceb22c2c761796c1e34ede370a0d9f42,,not_checked_birth_only
3/300,0xbe5d432a0b30443987d261b664cc6bb8bccb80d6,78191975,2026-10-02T11:22:39Z,0x419a32c4bad9004951c50152caf8a964447a9c486721a43d10b352e24677b8da,79,9,3,3,3,0x3d784105f793b9b884f8cd07e1aadbb5abc3016e3ad3e0d85df52307fe4fdf70|0x9cee3c6f9e8a6e6978660901b7ecac5861c54c160ce98b01b8e109ea0132b07f|0x7ee3383369c7d431b7c0430dc2c5dc258a6431e33a35e9629cf01e89f0341d8a|0x0a22bb1c8f6f68977672406298e5326828f4f5f54c8024471e34c6a2b0001d07|0x45e7cf827c94dcde8d5317befae28dd2cba2d5a6e51874c5e128232eaf5e05a3|0x1084ac93bb48ed7adce7d03290456520c8417df87ddc439ce145ce43976416d4|0xd7d5cccb23ccdc309c51dbff607db927091b994c23321e06ac13cc798be9a689|0x1632a0c494de2ced8a8171cf1bf31e128e9b5b2de4ca597efb26c133f994ee4b|0x419a32c4bad9004951c50152caf8a964447a9c486721a43d10b352e24677b8da,0xd7d5cccb23ccdc309c51dbff607db927091b994c23321e06ac13cc798be9a689|0x1632a0c494de2ced8a8171cf1bf31e128e9b5b2de4ca597efb26c133f994ee4b|0x419a32c4bad9004951c50152caf8a964447a9c486721a43d10b352e24677b8da,not_checked_birth_only
3/300,0x6c6aeb4637b2108b9b043913ef518639dc3c4872,78243390,2026-10-02T12:49:14Z,0xf731847e41f0c2678cdf2464a2767e94d24ca5361623fa50ce2cc150e6be48d3,166,3,3,0,0,0x5ba97d7c6f29769ab8b13c9c52fb819767db20f04a45d53786fce03697bf397e|0x67df16d24e9240bd50978785a0cee295395f6a46b32db006e56f2fba05ebf7ac|0xf731847e41f0c2678cdf2464a2767e94d24ca5361623fa50ce2cc150e6be48d3,,not_checked_birth_only
3/300,0x0d0a2a82f0d3897600902cd08e6a5be1b65f74d1,78243652,2026-10-02T12:49:41Z,0x42a1bb577d542844afa3bb30485bb6de49a4d385babbcf0ff56c0dcfa408829a,140,3,3,1,1,0xbb34d7d6e4b0e91ec8510dc2f806953dbe3c50fe9d675e35a2d69d05f3577f1b|0x1ef002f3c873c00ca3948bcdae4c10ac85fe5727f7dc5f8d319f5e4692f141f2|0x42a1bb577d542844afa3bb30485bb6de49a4d385babbcf0ff56c0dcfa408829a,0x42a1bb577d542844afa3bb30485bb6de49a4d385babbcf0ff56c0dcfa408829a,not_checked_birth_only
3/300,0x238e40b75ae78a1388a14e517d855893e92e58db,78253420,2026-10-02T13:06:01Z,0xb96b0ed7bf0a0c0cf9e93ab30c067cf832e14a172a7aff58ecb465a4bb71e6ef,1,12,3,12,3,0x1a5c1eaa1a0dc9f3d710c18a796b3efad98dd9bc437a84f3b80c99a1d0ebf334|0x6188bd9b57b35a5e6ea4c41d77e591a3318536bf8c056f48836922b3025764de|0xdce4ad00d726049cb320dd74217822c69092e109cccbdf9a1f45a2b13625a5a2|0xca88abe41fcb1a2f97e58e0d0ddf03316581d2f726499eeb2604007a294c5609|0xff25865b9a279141e01639b010a45c0a3840d9d7916bfe083023e9b02de0eff8|0x3233ad0375ff03eff8ea600fff2847603d4a9f737c22cc96e97099ef7a9708c2|0x77601e7fb32a6340ff889112653c0b2963442cc14465ecbea893c80b93a84084|0x2553e0f777ffefa1690751761fcf08b55e7e78ddb2454f5354e0f724ced4e7e6|0xc1b173895a94c8ad1829be2862784c5d26124676d58ceb8a2df8181ecfe7eabb|0x7fa280744609a17f8651ee5f48b299e4a1f91fd5cd45587da7f2a3c560e4b55f|0x5c392cdb51992d041e054e741f9b79e89754f885e3263b20118370c28306c03d|0xb96b0ed7bf0a0c0cf9e93ab30c067cf832e14a172a7aff58ecb465a4bb71e6ef,0x1a5c1eaa1a0dc9f3d710c18a796b3efad98dd9bc437a84f3b80c99a1d0ebf334|0x6188bd9b57b35a5e6ea4c41d77e591a3318536bf8c056f48836922b3025764de|0xdce4ad00d726049cb320dd74217822c69092e109cccbdf9a1f45a2b13625a5a2|0xca88abe41fcb1a2f97e58e0d0ddf03316581d2f726499eeb2604007a294c5609|0xff25865b9a279141e01639b010a45c0a3840d9d7916bfe083023e9b02de0eff8|0x3233ad0375ff03eff8ea600fff2847603d4a9f737c22cc96e97099ef7a9708c2|0x77601e7fb32a6340ff889112653c0b2963442cc14465ecbea893c80b93a84084|0x2553e0f777ffefa1690751761fcf08b55e7e78ddb2454f5354e0f724ced4e7e6|0xc1b173895a94c8ad1829be2862784c5d26124676d58ceb8a2df8181ecfe7eabb|0x7fa280744609a17f8651ee5f48b299e4a1f91fd5cd45587da7f2a3c560e4b55f|0x5c392cdb51992d041e054e741f9b79e89754f885e3263b20118370c28306c03d|0xb96b0ed7bf0a0c0cf9e93ab30c067cf832e14a172a7aff58ecb465a4bb71e6ef,not_checked_birth_only
3/300,0xa4ddf89a40a35264e9d7f896a1ef01c59b1e977a,78274963,2026-10-02T13:42:13Z,0xa9db3d550b138c26b12ffe450fe9f7c2223273e8a7eedb76f55dacca3c5cb7bb,121,13,3,13,3,0xaaf30df97d30ff5ec808550ba54bbe142183976278d8d678c3adc59da751c9a1|0x881abcd9e7ca0a349342a5376ae8afa2f5b7b9bba0d643c0480eef9b6b17b030|0xe3f05a26d580390cbe8fd4182910b9ae2f356e0a2446a9cb96f8312ba1b93dc7|0x132c9dfa976c67dd1383494d2120ccc2a01a220e6257533c4e22f69367363429|0xafc19498a609a8231df6db5b75a8a50e123d02bf47b3d1fa0ee45121ab52e2d9|0x5a4ee7dead6f689ce839da746c79940df7d999d4323324a27e4899729c2ff65c|0x7aa27ae98f589cb64aa2811f61ec72ee0b8070b2feb6b746c92b90eadfb4bd56|0xd5ca5b31e6132a2d6c825894efde6a500def71676cc94f7c982e3d7a61b78a4a|0x6cae02d1be157327246ed1eb4968900d4e25c5bb91212043af2b1d62a0160d3d|0x547769e2b0adaadf223614ed322490757f4cec7c7e819eef5cd7d7a5cd8ee210|0x9150cd21d25e97d83ff11a96d99430317724ce7125513f0505ea0ab35513bfb1|0x59e9927383bc2dde324836581b2594d058edba6d196ab7f44522a2284259ae1b|0xa9db3d550b138c26b12ffe450fe9f7c2223273e8a7eedb76f55dacca3c5cb7bb,0xaaf30df97d30ff5ec808550ba54bbe142183976278d8d678c3adc59da751c9a1|0x881abcd9e7ca0a349342a5376ae8afa2f5b7b9bba0d643c0480eef9b6b17b030|0xe3f05a26d580390cbe8fd4182910b9ae2f356e0a2446a9cb96f8312ba1b93dc7|0x132c9dfa976c67dd1383494d2120ccc2a01a220e6257533c4e22f69367363429|0xafc19498a609a8231df6db5b75a8a50e123d02bf47b3d1fa0ee45121ab52e2d9|0x5a4ee7dead6f689ce839da746c79940df7d999d4323324a27e4899729c2ff65c|0x7aa27ae98f589cb64aa2811f61ec72ee0b8070b2feb6b746c92b90eadfb4bd56|0xd5ca5b31e6132a2d6c825894efde6a500def71676cc94f7c982e3d7a61b78a4a|0x6cae02d1be157327246ed1eb4968900d4e25c5bb91212043af2b1d62a0160d3d|0x547769e2b0adaadf223614ed322490757f4cec7c7e819eef5cd7d7a5cd8ee210|0x9150cd21d25e97d83ff11a96d99430317724ce7125513f0505ea0ab35513bfb1|0x59e9927383bc2dde324836581b2594d058edba6d196ab7f44522a2284259ae1b|0xa9db3d550b138c26b12ffe450fe9f7c2223273e8a7eedb76f55dacca3c5cb7bb,not_checked_birth_only
3/300,0x6e4f7d7974822c004cb6ee04e21b9b9eb65c6775,78299806,2026-10-02T14:23:47Z,0x8fea9f718a5e6f690eb86390acf30cba6320d7aa9c27bd2d47120c5fc715eaa7,284,4,3,0,0,0x3243cd51d79ed57b8b4dbb8975200d88c9052f3dc51338608870e66ee24203d9|0x10de6f1a1e545c031200d5df2c8a325adf93cb4d333f0ff52fee5058c51c05c1|0x848079af623541ea8d2bc12f9273021d8a04e799c721f74aaf073fc9f9d6ae29|0x8fea9f718a5e6f690eb86390acf30cba6320d7aa9c27bd2d47120c5fc715eaa7,,not_checked_birth_only
3/300,0x7bc5a81458453de233ee3204169e053767deb3ca,78336536,2026-10-02T15:25:18Z,0x0a7306c0a5e867fa27022cec56e882401813ae3939f496c7b00131563558afc5,108,6,3,3,2,0x608746bba9dea50501ba3bf92daaff401e9b00dc314e40bd4199f9de0e4a7375|0xd4dcf272a668de96aa0f91fc2752d84a331f623530950fb99cfa76e890614883|0x15119a6c89a22553089b87f23444562910d87c33b2dc53a78aad0fd969dc30be|0xd57f8eb41b800386845b04f1623eeab3c0a9736896209c9d5897a03d2796de90|0xcf02c11c3d94009f4d8f30c7e43a626d50c930db02d4a07ee41e0af90b58851f|0x0a7306c0a5e867fa27022cec56e882401813ae3939f496c7b00131563558afc5,0x15119a6c89a22553089b87f23444562910d87c33b2dc53a78aad0fd969dc30be|0xd57f8eb41b800386845b04f1623eeab3c0a9736896209c9d5897a03d2796de90|0x0a7306c0a5e867fa27022cec56e882401813ae3939f496c7b00131563558afc5,not_checked_birth_only
3/300,0x4c2eb3c6af30fafdff09ef368e8db3b2a8e3cff5,78343945,2026-10-02T15:37:43Z,0x21d6f6ee1aa061dfb0ff49098c808de7ad2eb2ad48f8a581c62333cdf08571a2,284,3,3,0,0,0xc3e87e728983d3db164d5da19feb050293c11a7f37d6a311e73c30f57629585e|0xa8f371ca5380dd2d55b75eb9bbc4307842a64c37ba5020bd0eb65d66d8bc9227|0x21d6f6ee1aa061dfb0ff49098c808de7ad2eb2ad48f8a581c62333cdf08571a2,,not_checked_birth_only
3/300,0x647d23868453a33e8116368264cf856022b28954,78349129,2026-10-02T15:46:23Z,0xad444b94bbeb1a1af6ac740195686c09ded8c374fbdb8247c623dfb6503eff5f,250,4,3,0,0,0x3ff1ad3796f7763fd68ba3e0e7ae21e8987e0278da2bf96472d1a3fc5531f18f|0xa166560ff19d1bf2809492161930f5b20cd916a4b2f1c04f1e7c44f0294988b3|0xa2fc0621c151a270525f947b1664af7fd15acc8ffd24b1d8949e0386c44e7fdc|0xad444b94bbeb1a1af6ac740195686c09ded8c374fbdb8247c623dfb6503eff5f,,not_checked_birth_only
3/300,0x270245d8babaecfaa8431686d664445065c0aba3,78349548,2026-10-02T15:47:05Z,0xdafca5f210b307bdfa11543d2496cb0ca698be4436ef7a65896235b63d25d643,298,3,3,0,0,0xf8f9bf3dba4cffad408844fb5d0ad2c0f1df47ee6299c1e25d4a7b25f55dcf92|0xd387ba263b74ea683788f001c1f9243b103296a2368b265be90acfa5b027caaa|0xdafca5f210b307bdfa11543d2496cb0ca698be4436ef7a65896235b63d25d643,,not_checked_birth_only
3/300,0xd5305d850c6a00aabdf8e44b8bbe57fb884b739c,78349695,2026-10-02T15:47:20Z,0xaaea57000bda14bc17fcb04bea86b6e4531c1d077ff83cbfddf506b343472150,264,4,3,0,0,0x2ab6895690adae74effe06615a724c1318b95b6e5a9115baaa009f29bb15595a|0x970bca928552372a2f7e6be293b89bf494c17e81a7a74996c1df1aaafe2740a1|0x050268fdff9e294dd3d143b52594e7b34dd6814c60fc9a80f95a1fd693418a07|0xaaea57000bda14bc17fcb04bea86b6e4531c1d077ff83cbfddf506b343472150,,not_checked_birth_only
3/300,0x15da2596f4c21227185466066bf0f19d9d526b8a,78354426,2026-10-02T15:55:17Z,0x7d13796bab681d8d0bf9f454261f48a3c0d565139a86c810a1e464e50030bec3,190,5,3,0,0,0x2680898c78ecd39bbcb19a073e1c82e98a10a0d5be6a997f896b5e275af79a18|0x9bef5f939e4faf9a923a515af3e435541f85d52f553d581bc644ee406c9e37ef|0xc8461f475bdf0eef12fce87fbff89c3a340d203b8330abda11a3b460e6858efd|0xc55db5b869507be90021e516ec5f46ca7c6c5b9f637f414914a1e6d0b1a771b2|0x7d13796bab681d8d0bf9f454261f48a3c0d565139a86c810a1e464e50030bec3,,not_checked_birth_only
3/300,0x4da3916d3ae6feece32ec8a2c4856d4abeb41bfd,78367421,2026-10-02T16:17:03Z,0x025c19b76442759fb5c2dfdaf4f6fb1381feff8a512ffa0c2d5f5bb28fc541e1,61,3,3,3,3,0x8dfe44aad78e08ad8c051e8a5f7af59e9fb5cf7b6a56e9ad8efbdfc6199be3b1|0xf1b76ce1940492c60cd8748af63645d846afa79ad425a262c1b77fdca2664f25|0x025c19b76442759fb5c2dfdaf4f6fb1381feff8a512ffa0c2d5f5bb28fc541e1,0x8dfe44aad78e08ad8c051e8a5f7af59e9fb5cf7b6a56e9ad8efbdfc6199be3b1|0xf1b76ce1940492c60cd8748af63645d846afa79ad425a262c1b77fdca2664f25|0x025c19b76442759fb5c2dfdaf4f6fb1381feff8a512ffa0c2d5f5bb28fc541e1,not_checked_birth_only
3/300,0x7aad7e1e9835f12a53673e1f97662bbca9aedb23,78382002,2026-10-02T16:41:30Z,0x2b5f19aeaf5f05e1c447731d65984b4c2ad4bea579fee3eee16d1d516f2956b3,70,4,3,0,0,0x8aaa99f212acc53ec4aaf7b673d1c3e889cf50f313662a943d8c339a9e8c2eef|0x3f9d50670ed1c8e20fa2af306e5e98e53691af71f47c33114aaf3461bf24fa7b|0xefecd906168e4aee53d8d25dd0fde3983eb38604582924accd35a2ca4c67b851|0x2b5f19aeaf5f05e1c447731d65984b4c2ad4bea579fee3eee16d1d516f2956b3,,not_checked_birth_only
3/300,0xcace05716778f86e4feb04bd7a2c2f2c31705f2b,78393811,2026-10-02T17:01:18Z,0xc772c63d4826718103c70ec80a45fdfff3ac5f98d27b24fc0264fa959b7f4c0f,247,5,3,4,3,0x9cd6e12cb0ae57c988a3ae6f8783e4a925a330b6c30b373b50301b0d70ba9438|0x2515f5b876686c84f527975494fbb632e9e2b2626092d7b1a3424ef5b4c66f9b|0xdaf02722eca7fec2f06ee9b4b6d242d12ebcc234fd02b804d11ba71d24d4d310|0x78fb856a597b6fb4b60898dd9262aa6cb829dd7fa97c90580b28065696f5d968|0xc772c63d4826718103c70ec80a45fdfff3ac5f98d27b24fc0264fa959b7f4c0f,0x2515f5b876686c84f527975494fbb632e9e2b2626092d7b1a3424ef5b4c66f9b|0xdaf02722eca7fec2f06ee9b4b6d242d12ebcc234fd02b804d11ba71d24d4d310|0x78fb856a597b6fb4b60898dd9262aa6cb829dd7fa97c90580b28065696f5d968|0xc772c63d4826718103c70ec80a45fdfff3ac5f98d27b24fc0264fa959b7f4c0f,not_checked_birth_only
3/300,0x8826ffea474dadb69957c4385d6ad9e9de787915,78434868,2026-10-02T18:10:09Z,0x2acc9b697e13546e5dbd714f44dee37fcaae8c12ac909565dac8d420eec090b7,67,4,3,0,0,0xfd65ab913f4d764e893873bce41e36e2b46174453fdaec0af2a14a5cf5f47498|0xea4d0c9da393faf3d737edae477c11427b2ffe88ec189214bee00ebe695c7eb0|0xe2204d3a255a680f0af0feba12fe554f5c03f7cf6823c4e231fd519f0068f15e|0x2acc9b697e13546e5dbd714f44dee37fcaae8c12ac909565dac8d420eec090b7,,not_checked_birth_only
3/300,0x007defdb60b9aa23058d268b7f77516a4ad7d3f0,78443148,2026-10-02T18:24:03Z,0x9b1932ded2f4dd1f0678833403df6caf68d11fb86b6ecccdcf461d1b1bfbf3ef,196,5,3,1,1,0xcc05def6d06419ff947cf7e8b65ced42ba00a31e10f5a883a3f1f32defa85d94|0xba00def88ef3f4f3924036e8d7df2e99a8cab5d3c873493561693b9cc89dfbf4|0x0ad4e6540043fef3e0359a44d28e8ab71c2c887b71566416657764b1d4ec6f28|0x3b0e41a2a68a5cbe81d0b231ac350ddf6b2d50ec122a906525240103333d4085|0x9b1932ded2f4dd1f0678833403df6caf68d11fb86b6ecccdcf461d1b1bfbf3ef,0x9b1932ded2f4dd1f0678833403df6caf68d11fb86b6ecccdcf461d1b1bfbf3ef,not_checked_birth_only
3/300,0x9161cdb8bd4c21375e85c3fe7a5ce74a6ba5da06,78467998,2026-10-02T19:05:56Z,0x520946ff22b0af3da0ef3fe79041cfbd84cf6a3c9bf950d476682b598d2b7a0d,17,3,3,1,1,0xec128976a7a4ee33e6dc0284707516d513a99e805164ba031738925faa9c9b88|0xcf13fd5f356ed13de2cab182d47797903d83af7436f6d754d06b5eaa837d83c0|0x520946ff22b0af3da0ef3fe79041cfbd84cf6a3c9bf950d476682b598d2b7a0d,0xec128976a7a4ee33e6dc0284707516d513a99e805164ba031738925faa9c9b88,not_checked_birth_only
3/300,0x02533eb712f3f2925136653b4727e05fa0a7cc49,78472631,2026-10-02T19:13:42Z,0x4cd5702df228647034683528ccc2717fe307868c4456a1d5609f5baed3e44f2a,163,3,3,0,0,0x09cb5bec0754dbb1380489b6ee4c77ce69c6d6d90195603e701d919ecbf9ac8f|0x43eac653543fe4ea4cce7a94f615486c8c22a18638507abf1ca6d3973a64251c|0x4cd5702df228647034683528ccc2717fe307868c4456a1d5609f5baed3e44f2a,,not_checked_birth_only
3/300,0x12d2811c1e6319a4b614529506d69024170bfc43,78474434,2026-10-02T19:16:43Z,0xa9db4eef3ff0979b1ca8f8b716ce13ef3dce81c755b123858b9302e01a2da645,6,3,3,0,0,0xa29219cec89bf237803811ddf7954af2c66a67f9c589584df9abddbaa50ff352|0x64798c52c5f0521931301794afd05896e6d151c4f96e07f8200c83edf61b1115|0xa9db4eef3ff0979b1ca8f8b716ce13ef3dce81c755b123858b9302e01a2da645,,not_checked_birth_only
3/300,0xabb8072260759e80e0adca24c95ffb1c5875de4c,78512862,2026-10-02T20:21:15Z,0x278cca1496cee54e71dfb986bfb77ecdb3cc9c87abb89cf5d91dd9526cb2f43f,137,3,3,1,1,0x9c6840af29a60af36e21758bb837527f8fee3b868e053f4a58077d1f22d86b97|0xb468a350ce069a015640d9ca9cbbf77efce50083e5d6763437a3e5b17b90eb0e|0x278cca1496cee54e71dfb986bfb77ecdb3cc9c87abb89cf5d91dd9526cb2f43f,0x278cca1496cee54e71dfb986bfb77ecdb3cc9c87abb89cf5d91dd9526cb2f43f,not_checked_birth_only
3/300,0x1ef76f3be476e47bf26032ff4a9e26b6ea7edbd2,78552173,2026-10-02T21:27:24Z,0x247bcd543a71ef4b68eea3607ec77883ccafb08394969fab147340471ca253e4,133,3,3,0,0,0x2abd6b4cb9785e3e893b2b06ffe9d6032626514886160db4fc0318f578eb1051|0x73ca12017faa37deb888878eb92215d2f773906e5fafd0844e2738935baf2ca0|0x247bcd543a71ef4b68eea3607ec77883ccafb08394969fab147340471ca253e4,,not_checked_birth_only
3/300,0xbf3d0afa7417c336bbba6acaecafbc38b918e4cb,78575522,2026-10-02T22:06:30Z,0x1c62ca032a441f6d85cb34ccbb9ce9a77f3df076e55474a7abcad1e9ae483db2,274,3,3,1,1,0x7771cc8042213cfe86621c3675d7928a161afbd49bccb2239e0066fab249a3a2|0x67f69977eec61b10ce992e7805e8a2ba72876ffbf6e2126f66e37e608368051f|0x1c62ca032a441f6d85cb34ccbb9ce9a77f3df076e55474a7abcad1e9ae483db2,0x67f69977eec61b10ce992e7805e8a2ba72876ffbf6e2126f66e37e608368051f,not_checked_birth_only
3/300,0x523bbb74cb0585b5f76b6bea43b5a80686a2906a,78582444,2026-10-02T22:18:04Z,0x136d8a9fa75d0c8a51a920f87a06d622dc5bef0796add9fb67045d722c957f5f,220,3,3,1,1,0xcfc88c71895ae4c3069cdaf1dd952ba3eb5aebd1c51c9643bfb8ba1f9fc109ec|0x42b022a4bc56c2caecce462fb387dc5d5e4f432ebf7fc3d583ea2b52ac8305c9|0x136d8a9fa75d0c8a51a920f87a06d622dc5bef0796add9fb67045d722c957f5f,0xcfc88c71895ae4c3069cdaf1dd952ba3eb5aebd1c51c9643bfb8ba1f9fc109ec,not_checked_birth_only
3/300,0xa9ddbd54f2cbf7de7ce5caefed8fd64b0007f836,78588055,2026-10-02T22:27:28Z,0xccd008ee496378122710cf37ce2b43ab8dea987d6b21a1cc68f0d362493f49ad,91,3,3,1,1,0x20045bfa3fb2ef67f663ba8b95a20124a265ae9c25f46a303ee1ac5fc25358fb|0x66437ef224f95c8aff37f0292a5bf1febbb1eb1a792d0f948fad1268c3c1039a|0xccd008ee496378122710cf37ce2b43ab8dea987d6b21a1cc68f0d362493f49ad,0x66437ef224f95c8aff37f0292a5bf1febbb1eb1a792d0f948fad1268c3c1039a,not_checked_birth_only
3/300,0x14a64d6f3db9900be9c554d0961f539a16f43f9c,78605764,2026-10-02T22:57:06Z,0xc7fc6b89f5b1848bf8150cf915ad8ccac1d8d82e0f0730ce7f293ebcdd6692f5,271,3,3,0,0,0x3fe3d7254b2ad2858b9045d667eb21a399814416642a5f619427ef6396b19143|0xcbeee69af7873c792c3ea0e1168072d9e430837d12b112b05d96cb8d955f339d|0xc7fc6b89f5b1848bf8150cf915ad8ccac1d8d82e0f0730ce7f293ebcdd6692f5,,not_checked_birth_only
3/300,0x316fa3ab9a8fd8d7567a823dedecf28d9fee2894,78608673,2026-10-02T23:01:59Z,0xca9f487f26c9d54afadb063b90cab523d2c0c22eb5c83f3bd36ebb63a3969310,105,3,3,1,1,0x5d8ff9706c4c4dead1cf8f05805197d38d25c8c54a7e128a755cf6a65cefca98|0x7e2c369c6520de74ca0d4fd8d538c0ba93961f39d50f72cbb2fd5118bc90c70e|0xca9f487f26c9d54afadb063b90cab523d2c0c22eb5c83f3bd36ebb63a3969310,0x7e2c369c6520de74ca0d4fd8d538c0ba93961f39d50f72cbb2fd5118bc90c70e,not_checked_birth_only
3/300,0x2054031be916c1ecdac3894f37456421fd1c920c,78655239,2026-10-03T00:20:09Z,0xdac3af0c3cc1e96a935ae505de55f9384fd9ba5f5e63703bcb3c2ab613896872,287,4,3,1,1,0x1339038d92d581acd1da051e0ff2d3e827872d860d2bf6d81fb91557438bcdd0|0xdc33c6fe84297c86ea837b7376ce56c4aa016dfe042963afd73f3a59036479c2|0xa03880026b26e7c9c1c0b28d5a630a07e40317bbc38594757cedebd21a464346|0xdac3af0c3cc1e96a935ae505de55f9384fd9ba5f5e63703bcb3c2ab613896872,0xdac3af0c3cc1e96a935ae505de55f9384fd9ba5f5e63703bcb3c2ab613896872,not_checked_birth_only
3/300,0xd7855d7459ef3d902cfad6128c7afcacd6a0da06,78660476,2026-10-03T00:28:57Z,0xebb77473464c87d160b440c99f56b1f193c2635bd30b154684f6dd314a937408,118,5,3,2,0,0xb387b7a6235dc6c5773ad892b876283e5769ffec215c5c0c1006b498dcce00d2|0x6eb0fce86526a034d96b9335af6dccac2301ec1fc094c4245b67474bef67a141|0x54f50482ea46a6d28a9a16a22dcd65542ad3eda5165aa4717b36db9db6cb6ecb|0xf3560e6a648b45b60b408852248529a641115e8142fb72bfe21e953044e40cac|0xebb77473464c87d160b440c99f56b1f193c2635bd30b154684f6dd314a937408,0xb387b7a6235dc6c5773ad892b876283e5769ffec215c5c0c1006b498dcce00d2|0x6eb0fce86526a034d96b9335af6dccac2301ec1fc094c4245b67474bef67a141,not_checked_birth_only
3/300,0xb945b005e39e2266a3f5bc12e34ec6b68e0bd9cf,78682659,2026-10-03T01:06:20Z,0x6dfc629b36b1ddd0e5cc22079741226056c62547bf042a5171ad47a6522128eb,167,3,3,2,2,0xbf63985620a580b0285528c373d7dbdcc738dd8b6200bb2e17e7fdd12c152ef5|0xaa0e45d79d3fca60a61253d77661b8911fe61f2de0d888ce93bade593dbfbc8a|0x6dfc629b36b1ddd0e5cc22079741226056c62547bf042a5171ad47a6522128eb,0xbf63985620a580b0285528c373d7dbdcc738dd8b6200bb2e17e7fdd12c152ef5|0xaa0e45d79d3fca60a61253d77661b8911fe61f2de0d888ce93bade593dbfbc8a,not_checked_birth_only
3/300,0xd79a17a73f1c38a3eab7c943de6051f824fc4d8e,78685236,2026-10-03T01:10:40Z,0xdff90a12fb890e648f38308f7e415ae086c715114886decc36f53c36561e1a3a,205,3,3,1,1,0x89c00421c3a8f1353def4c68de94be371a81099806f0094f36ca2481aa250f84|0x7b61d922e46111f2e2ef0a701953841746afd35f162278cbd3e4badb2c01857b|0xdff90a12fb890e648f38308f7e415ae086c715114886decc36f53c36561e1a3a,0xdff90a12fb890e648f38308f7e415ae086c715114886decc36f53c36561e1a3a,not_checked_birth_only
3/300,0x6c7c3113bfa9eef3e716a4912d9b0dc47aefe796,78698787,2026-10-03T01:33:28Z,0xb5f212fc574066701412f473777bf1bd947748c4a988973f5d6d14dc75d39583,88,3,3,0,0,0xbae90bf0271cd9e1a74b5b9c2bf3ad02bd24da60abf9c5b016ebc079a6aa5b2e|0x46f9254ead25faef32d53158b9a4a4e1ab3a286504e428e5fbc6abd68eade049|0xb5f212fc574066701412f473777bf1bd947748c4a988973f5d6d14dc75d39583,,not_checked_birth_only
3/600,0x0fe97b2d477014d78a61829a3c41866912d469ea,77962233,2026-10-02T04:54:39Z,0x351ed6a93eba2d6ef6e7c1e6fcdb17df2b651af747e895779c4115c23f0b15d8,536,6,3,2,1,0x39e649821a1ddf2dc7a5c7b165e5ae8c77923f6d3059ceb50c6a0de0dd61d116|0x47b39c937db13f212494361e8d4d8529cfe7132f171e36000cdae2b145e13777|0xc45e9fe0af92dd243e63518efc600c894ea314e2ca259632d9f3fc3ead1806cd|0x67a631ac61cba23c78da7d2002392b32501dcfbd95d3d6b2a8b1d8a8650a33cb|0xebb4c5dfd13f1dd51d0119e41efa2531b584f18a51113d20b2d7974d49e89f16|0x351ed6a93eba2d6ef6e7c1e6fcdb17df2b651af747e895779c4115c23f0b15d8,0x39e649821a1ddf2dc7a5c7b165e5ae8c77923f6d3059ceb50c6a0de0dd61d116|0x67a631ac61cba23c78da7d2002392b32501dcfbd95d3d6b2a8b1d8a8650a33cb,not_checked_birth_only
3/600,0x8f86a15ec17cb3369d8b3e666dadbc11daa82b79,77979653,2026-10-02T05:24:13Z,0xd0c090088917c2ebf5fd85ee45242318b261952aea9c470db90c152420befc4e,0,10,10,10,10,0x0703e1e3c863e9f0d5bf856c135e0ac1ef9057337cbff02509ee346a18c9e8a3|0x0e2b774c9e8afc55edbac7bcade9ac3b95cb177ba0528982d8f9862831203b47|0xd0c090088917c2ebf5fd85ee45242318b261952aea9c470db90c152420befc4e|0xab0575c0b1679bad16e51478e23314fbb644ff833a7c425c946550fd2c2160a2|0xdd48d254b9716e6400b461947495689c06076303f6c3cc2d9fb0d0bd95b5e5e7|0xf49412078473c8e0abfd844113f2e9703987f059389d53beee35f970afa0dfcc|0xe6b907651399589cf3ed2f6bb3dd05de2dcaebac5d950630c2bd1432368aef88|0x9ce7392a4c64de376271a0be327ec36949c02c12957235e69a58c255c735950e|0x15fb50dd1b1d7c610edb7c90e736de668c9336250dfb92b696fb49406e89daf3|0xb2ceaa6687218c20c77376ecafc05064f83d022506fa9b5acb475a91e7b33803,0x0703e1e3c863e9f0d5bf856c135e0ac1ef9057337cbff02509ee346a18c9e8a3|0x0e2b774c9e8afc55edbac7bcade9ac3b95cb177ba0528982d8f9862831203b47|0xd0c090088917c2ebf5fd85ee45242318b261952aea9c470db90c152420befc4e|0xab0575c0b1679bad16e51478e23314fbb644ff833a7c425c946550fd2c2160a2|0xdd48d254b9716e6400b461947495689c06076303f6c3cc2d9fb0d0bd95b5e5e7|0xf49412078473c8e0abfd844113f2e9703987f059389d53beee35f970afa0dfcc|0xe6b907651399589cf3ed2f6bb3dd05de2dcaebac5d950630c2bd1432368aef88|0x9ce7392a4c64de376271a0be327ec36949c02c12957235e69a58c255c735950e|0x15fb50dd1b1d7c610edb7c90e736de668c9336250dfb92b696fb49406e89daf3|0xb2ceaa6687218c20c77376ecafc05064f83d022506fa9b5acb475a91e7b33803,not_checked_birth_only
3/600,0x2c612e2f811f106f1baa1dbc5fbae88f1ac561c7,78004015,2026-10-02T06:05:24Z,0x4ec3d1fc53ae7ed564f4db9253e34df74794547cd796b8b289413dee041322c3,23,3,3,0,0,0x2fa9ce12d1f3e31a26a0d9ab05416c534dd574fd700c1e3086c76c006be27d57|0x7bdc77a45013c0a883c092bd6fae6e40b2159789c89a900650c9deff101973eb|0x4ec3d1fc53ae7ed564f4db9253e34df74794547cd796b8b289413dee041322c3,,not_checked_birth_only
3/600,0xafdc93ae51e4d9640534f4e44789561c182cdab9,78012465,2026-10-02T06:19:41Z,0xa0606c84031a03f5493cd192eb667f6e0a4eb9db11579270295d3521b0dfd5cb,519,4,3,1,1,0xeea9dcff277b76c95563ee0b0c54fd013338c02cd1fe05450828dbee74b6c400|0x86aff9baebf0e65fde953c441f2ebfe7437c4fd8ab6ea70b53952fdf657d7328|0x7b64847eb04fa780bd86ac0fb3276beb5c8aa4e2b408d46350ba03aeb9edc842|0xa0606c84031a03f5493cd192eb667f6e0a4eb9db11579270295d3521b0dfd5cb,0xa0606c84031a03f5493cd192eb667f6e0a4eb9db11579270295d3521b0dfd5cb,not_checked_birth_only
3/600,0xe2c46c7068566740a33a4c93f5445b07bcfe5644,78043529,2026-10-02T07:12:20Z,0x0bd507c14cbbc38d3ad2dacaaf5e04909aa49d74bc147be6165920061ce2ba6b,424,5,3,5,3,0xf8339e85c694ecdf729c5ac5002463718c888f98ca846c89169cca111f5f9420|0x3b18702d0926f519e3f3144680fbabd2236788f1c703a75f090e49d40a086da8|0x4a398181487f6506e7ea0b50c8d6417d679ad3728cd0f3e58ca293773c980ca4|0x285caf27b5c0a2ded653d9da6dcbb3a2ed89b4f645d2d48063d4aa59da251b20|0x0bd507c14cbbc38d3ad2dacaaf5e04909aa49d74bc147be6165920061ce2ba6b,0xf8339e85c694ecdf729c5ac5002463718c888f98ca846c89169cca111f5f9420|0x3b18702d0926f519e3f3144680fbabd2236788f1c703a75f090e49d40a086da8|0x4a398181487f6506e7ea0b50c8d6417d679ad3728cd0f3e58ca293773c980ca4|0x285caf27b5c0a2ded653d9da6dcbb3a2ed89b4f645d2d48063d4aa59da251b20|0x0bd507c14cbbc38d3ad2dacaaf5e04909aa49d74bc147be6165920061ce2ba6b,not_checked_birth_only
3/600,0xb3d190087e16b8d49c906a27ee398bfe0f94338c,78113499,2026-10-02T09:10:32Z,0x1ec2947abca55d4e51892579f5755d0d8e15a805cdcb639633c964449b7fe95d,252,3,3,0,0,0xd2256c8d98f6c8c3850ab944919afebdbc262e5354ac45452acb6839db016e3a|0x7a6ec64dd2769a138759946b6da3c3bc397b471525b3c0ea7f081d5d56582197|0x1ec2947abca55d4e51892579f5755d0d8e15a805cdcb639633c964449b7fe95d,,not_checked_birth_only
3/600,0x9e795209be691654fb908ab86b3a651551939e16,78137873,2026-10-02T09:51:31Z,0x08c5c95bca10111247047e493979b00226c4f3d23d75ee631c5bd2591e7f514a,158,3,3,0,0,0x76d4010bb8b3ffa76c9f8a033496064f40b6238ec46766e7e04f36e62ce491a4|0x16ce9ccbb2f6f306987459ded336cd3488f4e9d7d1fa5351f1a9333919afad58|0x08c5c95bca10111247047e493979b00226c4f3d23d75ee631c5bd2591e7f514a,,not_checked_birth_only
3/600,0x5c53c1dcc86286d78dd68b5c6bd995eac646338c,78142970,2026-10-02T10:00:04Z,0x61c5c3022beb68adb5cf84a124c4af9bceb22c2c761796c1e34ede370a0d9f42,252,4,3,0,0,0x69e4a2abdcb18cfc7a4412f1853063fc834e3de08f444169547d171f9610e400|0xf54033bb6e9d44c880993d8d6c23b04cb685b33ded39da64ee949f0f07059c2c|0xee95f906824b8ff29954bc6f6a9d1ebde67429bb62571507e808e4bc01c2f847|0x61c5c3022beb68adb5cf84a124c4af9bceb22c2c761796c1e34ede370a0d9f42,,not_checked_birth_only
3/600,0x93c9c43bb887958c4caa35c2ea9fc626332cc97c,78174711,2026-10-02T10:53:32Z,0x504fcc1473e257d09f6827551307c303baf3b681f1f5d830dae7ecd80fc8828a,446,3,3,0,0,0x958081ee004d71af12ec4564dcc16a3deeac7ed2b496c79bd8aba29b55bea99e|0x0d9a612dd51cd3d7c53d58a3544cd82767e8086b6ede93fba994c0c95b235bea|0x504fcc1473e257d09f6827551307c303baf3b681f1f5d830dae7ecd80fc8828a,,not_checked_birth_only
3/600,0xbe5d432a0b30443987d261b664cc6bb8bccb80d6,78187902,2026-10-02T11:15:48Z,0x1084ac93bb48ed7adce7d03290456520c8417df87ddc439ce145ce43976416d4,360,6,3,0,0,0x3d784105f793b9b884f8cd07e1aadbb5abc3016e3ad3e0d85df52307fe4fdf70|0x9cee3c6f9e8a6e6978660901b7ecac5861c54c160ce98b01b8e109ea0132b07f|0x7ee3383369c7d431b7c0430dc2c5dc258a6431e33a35e9629cf01e89f0341d8a|0x0a22bb1c8f6f68977672406298e5326828f4f5f54c8024471e34c6a2b0001d07|0x45e7cf827c94dcde8d5317befae28dd2cba2d5a6e51874c5e128232eaf5e05a3|0x1084ac93bb48ed7adce7d03290456520c8417df87ddc439ce145ce43976416d4,,not_checked_birth_only
3/600,0xa4ddf89a40a35264e9d7f896a1ef01c59b1e977a,78232065,2026-10-02T12:30:12Z,0xd5ca5b31e6132a2d6c825894efde6a500def71676cc94f7c982e3d7a61b78a4a,466,8,3,8,3,0xaaf30df97d30ff5ec808550ba54bbe142183976278d8d678c3adc59da751c9a1|0x881abcd9e7ca0a349342a5376ae8afa2f5b7b9bba0d643c0480eef9b6b17b030|0xe3f05a26d580390cbe8fd4182910b9ae2f356e0a2446a9cb96f8312ba1b93dc7|0x132c9dfa976c67dd1383494d2120ccc2a01a220e6257533c4e22f69367363429|0xafc19498a609a8231df6db5b75a8a50e123d02bf47b3d1fa0ee45121ab52e2d9|0x5a4ee7dead6f689ce839da746c79940df7d999d4323324a27e4899729c2ff65c|0x7aa27ae98f589cb64aa2811f61ec72ee0b8070b2feb6b746c92b90eadfb4bd56|0xd5ca5b31e6132a2d6c825894efde6a500def71676cc94f7c982e3d7a61b78a4a,0xaaf30df97d30ff5ec808550ba54bbe142183976278d8d678c3adc59da751c9a1|0x881abcd9e7ca0a349342a5376ae8afa2f5b7b9bba0d643c0480eef9b6b17b030|0xe3f05a26d580390cbe8fd4182910b9ae2f356e0a2446a9cb96f8312ba1b93dc7|0x132c9dfa976c67dd1383494d2120ccc2a01a220e6257533c4e22f69367363429|0xafc19498a609a8231df6db5b75a8a50e123d02bf47b3d1fa0ee45121ab52e2d9|0x5a4ee7dead6f689ce839da746c79940df7d999d4323324a27e4899729c2ff65c|0x7aa27ae98f589cb64aa2811f61ec72ee0b8070b2feb6b746c92b90eadfb4bd56|0xd5ca5b31e6132a2d6c825894efde6a500def71676cc94f7c982e3d7a61b78a4a,not_checked_birth_only
3/600,0x6c6aeb4637b2108b9b043913ef518639dc3c4872,78243390,2026-10-02T12:49:14Z,0xf731847e41f0c2678cdf2464a2767e94d24ca5361623fa50ce2cc150e6be48d3,166,3,3,0,0,0x5ba97d7c6f29769ab8b13c9c52fb819767db20f04a45d53786fce03697bf397e|0x67df16d24e9240bd50978785a0cee295395f6a46b32db006e56f2fba05ebf7ac|0xf731847e41f0c2678cdf2464a2767e94d24ca5361623fa50ce2cc150e6be48d3,,not_checked_birth_only
3/600,0x0d0a2a82f0d3897600902cd08e6a5be1b65f74d1,78243652,2026-10-02T12:49:41Z,0x42a1bb577d542844afa3bb30485bb6de49a4d385babbcf0ff56c0dcfa408829a,140,3,3,1,1,0xbb34d7d6e4b0e91ec8510dc2f806953dbe3c50fe9d675e35a2d69d05f3577f1b|0x1ef002f3c873c00ca3948bcdae4c10ac85fe5727f7dc5f8d319f5e4692f141f2|0x42a1bb577d542844afa3bb30485bb6de49a4d385babbcf0ff56c0dcfa408829a,0x42a1bb577d542844afa3bb30485bb6de49a4d385babbcf0ff56c0dcfa408829a,not_checked_birth_only
3/600,0x238e40b75ae78a1388a14e517d855893e92e58db,78253420,2026-10-02T13:06:01Z,0xb96b0ed7bf0a0c0cf9e93ab30c067cf832e14a172a7aff58ecb465a4bb71e6ef,1,12,3,12,3,0x1a5c1eaa1a0dc9f3d710c18a796b3efad98dd9bc437a84f3b80c99a1d0ebf334|0x6188bd9b57b35a5e6ea4c41d77e591a3318536bf8c056f48836922b3025764de|0xdce4ad00d726049cb320dd74217822c69092e109cccbdf9a1f45a2b13625a5a2|0xca88abe41fcb1a2f97e58e0d0ddf03316581d2f726499eeb2604007a294c5609|0xff25865b9a279141e01639b010a45c0a3840d9d7916bfe083023e9b02de0eff8|0x3233ad0375ff03eff8ea600fff2847603d4a9f737c22cc96e97099ef7a9708c2|0x77601e7fb32a6340ff889112653c0b2963442cc14465ecbea893c80b93a84084|0x2553e0f777ffefa1690751761fcf08b55e7e78ddb2454f5354e0f724ced4e7e6|0xc1b173895a94c8ad1829be2862784c5d26124676d58ceb8a2df8181ecfe7eabb|0x7fa280744609a17f8651ee5f48b299e4a1f91fd5cd45587da7f2a3c560e4b55f|0x5c392cdb51992d041e054e741f9b79e89754f885e3263b20118370c28306c03d|0xb96b0ed7bf0a0c0cf9e93ab30c067cf832e14a172a7aff58ecb465a4bb71e6ef,0x1a5c1eaa1a0dc9f3d710c18a796b3efad98dd9bc437a84f3b80c99a1d0ebf334|0x6188bd9b57b35a5e6ea4c41d77e591a3318536bf8c056f48836922b3025764de|0xdce4ad00d726049cb320dd74217822c69092e109cccbdf9a1f45a2b13625a5a2|0xca88abe41fcb1a2f97e58e0d0ddf03316581d2f726499eeb2604007a294c5609|0xff25865b9a279141e01639b010a45c0a3840d9d7916bfe083023e9b02de0eff8|0x3233ad0375ff03eff8ea600fff2847603d4a9f737c22cc96e97099ef7a9708c2|0x77601e7fb32a6340ff889112653c0b2963442cc14465ecbea893c80b93a84084|0x2553e0f777ffefa1690751761fcf08b55e7e78ddb2454f5354e0f724ced4e7e6|0xc1b173895a94c8ad1829be2862784c5d26124676d58ceb8a2df8181ecfe7eabb|0x7fa280744609a17f8651ee5f48b299e4a1f91fd5cd45587da7f2a3c560e4b55f|0x5c392cdb51992d041e054e741f9b79e89754f885e3263b20118370c28306c03d|0xb96b0ed7bf0a0c0cf9e93ab30c067cf832e14a172a7aff58ecb465a4bb71e6ef,not_checked_birth_only
3/600,0x6e4f7d7974822c004cb6ee04e21b9b9eb65c6775,78299806,2026-10-02T14:23:47Z,0x8fea9f718a5e6f690eb86390acf30cba6320d7aa9c27bd2d47120c5fc715eaa7,284,4,3,0,0,0x3243cd51d79ed57b8b4dbb8975200d88c9052f3dc51338608870e66ee24203d9|0x10de6f1a1e545c031200d5df2c8a325adf93cb4d333f0ff52fee5058c51c05c1|0x848079af623541ea8d2bc12f9273021d8a04e799c721f74aaf073fc9f9d6ae29|0x8fea9f718a5e6f690eb86390acf30cba6320d7aa9c27bd2d47120c5fc715eaa7,,not_checked_birth_only
3/600,0x7bc5a81458453de233ee3204169e053767deb3ca,78330203,2026-10-02T15:14:41Z,0x15119a6c89a22553089b87f23444562910d87c33b2dc53a78aad0fd969dc30be,346,3,3,1,1,0x608746bba9dea50501ba3bf92daaff401e9b00dc314e40bd4199f9de0e4a7375|0xd4dcf272a668de96aa0f91fc2752d84a331f623530950fb99cfa76e890614883|0x15119a6c89a22553089b87f23444562910d87c33b2dc53a78aad0fd969dc30be,0x15119a6c89a22553089b87f23444562910d87c33b2dc53a78aad0fd969dc30be,not_checked_birth_only
3/600,0x4c2eb3c6af30fafdff09ef368e8db3b2a8e3cff5,78343945,2026-10-02T15:37:43Z,0x21d6f6ee1aa061dfb0ff49098c808de7ad2eb2ad48f8a581c62333cdf08571a2,284,3,3,0,0,0xc3e87e728983d3db164d5da19feb050293c11a7f37d6a311e73c30f57629585e|0xa8f371ca5380dd2d55b75eb9bbc4307842a64c37ba5020bd0eb65d66d8bc9227|0x21d6f6ee1aa061dfb0ff49098c808de7ad2eb2ad48f8a581c62333cdf08571a2,,not_checked_birth_only
3/600,0x647d23868453a33e8116368264cf856022b28954,78349129,2026-10-02T15:46:23Z,0xad444b94bbeb1a1af6ac740195686c09ded8c374fbdb8247c623dfb6503eff5f,250,4,3,0,0,0x3ff1ad3796f7763fd68ba3e0e7ae21e8987e0278da2bf96472d1a3fc5531f18f|0xa166560ff19d1bf2809492161930f5b20cd916a4b2f1c04f1e7c44f0294988b3|0xa2fc0621c151a270525f947b1664af7fd15acc8ffd24b1d8949e0386c44e7fdc|0xad444b94bbeb1a1af6ac740195686c09ded8c374fbdb8247c623dfb6503eff5f,,not_checked_birth_only
3/600,0xd5305d850c6a00aabdf8e44b8bbe57fb884b739c,78349337,2026-10-02T15:46:44Z,0x050268fdff9e294dd3d143b52594e7b34dd6814c60fc9a80f95a1fd693418a07,383,3,3,0,0,0x2ab6895690adae74effe06615a724c1318b95b6e5a9115baaa009f29bb15595a|0x970bca928552372a2f7e6be293b89bf494c17e81a7a74996c1df1aaafe2740a1|0x050268fdff9e294dd3d143b52594e7b34dd6814c60fc9a80f95a1fd693418a07,,not_checked_birth_only
3/600,0x270245d8babaecfaa8431686d664445065c0aba3,78349548,2026-10-02T15:47:05Z,0xdafca5f210b307bdfa11543d2496cb0ca698be4436ef7a65896235b63d25d643,298,3,3,0,0,0xf8f9bf3dba4cffad408844fb5d0ad2c0f1df47ee6299c1e25d4a7b25f55dcf92|0xd387ba263b74ea683788f001c1f9243b103296a2368b265be90acfa5b027caaa|0xdafca5f210b307bdfa11543d2496cb0ca698be4436ef7a65896235b63d25d643,,not_checked_birth_only
3/600,0x15da2596f4c21227185466066bf0f19d9d526b8a,78354426,2026-10-02T15:55:17Z,0x7d13796bab681d8d0bf9f454261f48a3c0d565139a86c810a1e464e50030bec3,190,5,3,0,0,0x2680898c78ecd39bbcb19a073e1c82e98a10a0d5be6a997f896b5e275af79a18|0x9bef5f939e4faf9a923a515af3e435541f85d52f553d581bc644ee406c9e37ef|0xc8461f475bdf0eef12fce87fbff89c3a340d203b8330abda11a3b460e6858efd|0xc55db5b869507be90021e516ec5f46ca7c6c5b9f637f414914a1e6d0b1a771b2|0x7d13796bab681d8d0bf9f454261f48a3c0d565139a86c810a1e464e50030bec3,,not_checked_birth_only
3/600,0x4da3916d3ae6feece32ec8a2c4856d4abeb41bfd,78367421,2026-10-02T16:17:03Z,0x025c19b76442759fb5c2dfdaf4f6fb1381feff8a512ffa0c2d5f5bb28fc541e1,61,3,3,3,3,0x8dfe44aad78e08ad8c051e8a5f7af59e9fb5cf7b6a56e9ad8efbdfc6199be3b1|0xf1b76ce1940492c60cd8748af63645d846afa79ad425a262c1b77fdca2664f25|0x025c19b76442759fb5c2dfdaf4f6fb1381feff8a512ffa0c2d5f5bb28fc541e1,0x8dfe44aad78e08ad8c051e8a5f7af59e9fb5cf7b6a56e9ad8efbdfc6199be3b1|0xf1b76ce1940492c60cd8748af63645d846afa79ad425a262c1b77fdca2664f25|0x025c19b76442759fb5c2dfdaf4f6fb1381feff8a512ffa0c2d5f5bb28fc541e1,not_checked_birth_only
3/600,0x7aad7e1e9835f12a53673e1f97662bbca9aedb23,78381546,2026-10-02T16:40:44Z,0xefecd906168e4aee53d8d25dd0fde3983eb38604582924accd35a2ca4c67b851,304,3,3,0,0,0x8aaa99f212acc53ec4aaf7b673d1c3e889cf50f313662a943d8c339a9e8c2eef|0x3f9d50670ed1c8e20fa2af306e5e98e53691af71f47c33114aaf3461bf24fa7b|0xefecd906168e4aee53d8d25dd0fde3983eb38604582924accd35a2ca4c67b851,,not_checked_birth_only
3/600,0xcace05716778f86e4feb04bd7a2c2f2c31705f2b,78393811,2026-10-02T17:01:18Z,0xc772c63d4826718103c70ec80a45fdfff3ac5f98d27b24fc0264fa959b7f4c0f,247,5,3,4,3,0x9cd6e12cb0ae57c988a3ae6f8783e4a925a330b6c30b373b50301b0d70ba9438|0x2515f5b876686c84f527975494fbb632e9e2b2626092d7b1a3424ef5b4c66f9b|0xdaf02722eca7fec2f06ee9b4b6d242d12ebcc234fd02b804d11ba71d24d4d310|0x78fb856a597b6fb4b60898dd9262aa6cb829dd7fa97c90580b28065696f5d968|0xc772c63d4826718103c70ec80a45fdfff3ac5f98d27b24fc0264fa959b7f4c0f,0x2515f5b876686c84f527975494fbb632e9e2b2626092d7b1a3424ef5b4c66f9b|0xdaf02722eca7fec2f06ee9b4b6d242d12ebcc234fd02b804d11ba71d24d4d310|0x78fb856a597b6fb4b60898dd9262aa6cb829dd7fa97c90580b28065696f5d968|0xc772c63d4826718103c70ec80a45fdfff3ac5f98d27b24fc0264fa959b7f4c0f,not_checked_birth_only
3/600,0x44b5e3a7561f791073bf1a58b209c7f0e8748295,78403789,2026-10-02T17:18:02Z,0xdcc336f37857f7b461b5219557d2ba78e6707e172686c77394d9229e48eaf9c3,507,5,3,1,1,0xcf76a0d43e14666af6b27c874387597b3cea3878fe12b555cb3fea653062583e|0x905fb26ab38c23978ca48d9c055a56ed0b15ea805c85c9bfb8f63ab61d85fa04|0x1368284e82801d74923694c0d9e268f9d615680b8848fbd463bbc89ca0d7fb5d|0xce88cdc5f9a6866b8bb5740dee59f64f055310864c315ff7ad7ded01e94723eb|0xdcc336f37857f7b461b5219557d2ba78e6707e172686c77394d9229e48eaf9c3,0xdcc336f37857f7b461b5219557d2ba78e6707e172686c77394d9229e48eaf9c3,not_checked_birth_only
3/600,0x8826ffea474dadb69957c4385d6ad9e9de787915,78434868,2026-10-02T18:10:09Z,0x2acc9b697e13546e5dbd714f44dee37fcaae8c12ac909565dac8d420eec090b7,67,4,3,0,0,0xfd65ab913f4d764e893873bce41e36e2b46174453fdaec0af2a14a5cf5f47498|0xea4d0c9da393faf3d737edae477c11427b2ffe88ec189214bee00ebe695c7eb0|0xe2204d3a255a680f0af0feba12fe554f5c03f7cf6823c4e231fd519f0068f15e|0x2acc9b697e13546e5dbd714f44dee37fcaae8c12ac909565dac8d420eec090b7,,not_checked_birth_only
3/600,0x007defdb60b9aa23058d268b7f77516a4ad7d3f0,78441240,2026-10-02T18:20:50Z,0x3b0e41a2a68a5cbe81d0b231ac350ddf6b2d50ec122a906525240103333d4085,348,4,3,0,0,0xcc05def6d06419ff947cf7e8b65ced42ba00a31e10f5a883a3f1f32defa85d94|0xba00def88ef3f4f3924036e8d7df2e99a8cab5d3c873493561693b9cc89dfbf4|0x0ad4e6540043fef3e0359a44d28e8ab71c2c887b71566416657764b1d4ec6f28|0x3b0e41a2a68a5cbe81d0b231ac350ddf6b2d50ec122a906525240103333d4085,,not_checked_birth_only
3/600,0x9161cdb8bd4c21375e85c3fe7a5ce74a6ba5da06,78467998,2026-10-02T19:05:56Z,0x520946ff22b0af3da0ef3fe79041cfbd84cf6a3c9bf950d476682b598d2b7a0d,17,3,3,1,1,0xec128976a7a4ee33e6dc0284707516d513a99e805164ba031738925faa9c9b88|0xcf13fd5f356ed13de2cab182d47797903d83af7436f6d754d06b5eaa837d83c0|0x520946ff22b0af3da0ef3fe79041cfbd84cf6a3c9bf950d476682b598d2b7a0d,0xec128976a7a4ee33e6dc0284707516d513a99e805164ba031738925faa9c9b88,not_checked_birth_only
3/600,0x02533eb712f3f2925136653b4727e05fa0a7cc49,78472631,2026-10-02T19:13:42Z,0x4cd5702df228647034683528ccc2717fe307868c4456a1d5609f5baed3e44f2a,163,3,3,0,0,0x09cb5bec0754dbb1380489b6ee4c77ce69c6d6d90195603e701d919ecbf9ac8f|0x43eac653543fe4ea4cce7a94f615486c8c22a18638507abf1ca6d3973a64251c|0x4cd5702df228647034683528ccc2717fe307868c4456a1d5609f5baed3e44f2a,,not_checked_birth_only
3/600,0x12d2811c1e6319a4b614529506d69024170bfc43,78474434,2026-10-02T19:16:43Z,0xa9db4eef3ff0979b1ca8f8b716ce13ef3dce81c755b123858b9302e01a2da645,6,3,3,0,0,0xa29219cec89bf237803811ddf7954af2c66a67f9c589584df9abddbaa50ff352|0x64798c52c5f0521931301794afd05896e6d151c4f96e07f8200c83edf61b1115|0xa9db4eef3ff0979b1ca8f8b716ce13ef3dce81c755b123858b9302e01a2da645,,not_checked_birth_only
3/600,0xe07119cdd031e8a2043c3c9c4f9c56f34e54a81e,78482692,2026-10-02T19:30:35Z,0x995912d70bd409135cd720a0d57fdfd4bdc51aade5482f36e49c665806076146,451,3,3,1,1,0x549845a0d20e209be4d8155e61d76b7030a0e02a4c9f6eb8d4fc66acfe01f88f|0xbe470759fae0aed0cda5540f717b1a6ec52392cb0613f02beb72d42726fc3da6|0x995912d70bd409135cd720a0d57fdfd4bdc51aade5482f36e49c665806076146,0xbe470759fae0aed0cda5540f717b1a6ec52392cb0613f02beb72d42726fc3da6,not_checked_birth_only
3/600,0x83d53482a0b7a194d401caf94829fe829408030a,78501592,2026-10-02T20:02:18Z,0x58de530b3e511d24439bfbac56d1ca99ad33d29ac8a3b1692f0289f5323a2f61,478,3,3,3,3,0x1e7fd8c023cefa42767e59ae9ef61f637b4e44234a605d1b55059d2801ccc0ca|0x1c4774af65b6d94d0e89a2cd14a21bdd869e8d21f287d3925d03133cf30c2691|0x58de530b3e511d24439bfbac56d1ca99ad33d29ac8a3b1692f0289f5323a2f61,0x1e7fd8c023cefa42767e59ae9ef61f637b4e44234a605d1b55059d2801ccc0ca|0x1c4774af65b6d94d0e89a2cd14a21bdd869e8d21f287d3925d03133cf30c2691|0x58de530b3e511d24439bfbac56d1ca99ad33d29ac8a3b1692f0289f5323a2f61,not_checked_birth_only
3/600,0xb71463fbe6a6edef8d9d8cb0ccb5ab84cd0a353e,78510601,2026-10-02T20:17:27Z,0x1cf674cc6c969a0f74f09de1e31243b0d9fc740d8b88792cc57378d58fe5047a,357,3,3,1,1,0x3df39bb41232831eff9f556a569c4ed9bac5dfdcd4c28a4ee72441c457b7220a|0x9a49d928abb77be997fcda1be1732cf5f3ad23738415f24deff8b958f90083e0|0x1cf674cc6c969a0f74f09de1e31243b0d9fc740d8b88792cc57378d58fe5047a,0x9a49d928abb77be997fcda1be1732cf5f3ad23738415f24deff8b958f90083e0,not_checked_birth_only
3/600,0xabb8072260759e80e0adca24c95ffb1c5875de4c,78512862,2026-10-02T20:21:15Z,0x278cca1496cee54e71dfb986bfb77ecdb3cc9c87abb89cf5d91dd9526cb2f43f,137,3,3,1,1,0x9c6840af29a60af36e21758bb837527f8fee3b868e053f4a58077d1f22d86b97|0xb468a350ce069a015640d9ca9cbbf77efce50083e5d6763437a3e5b17b90eb0e|0x278cca1496cee54e71dfb986bfb77ecdb3cc9c87abb89cf5d91dd9526cb2f43f,0x278cca1496cee54e71dfb986bfb77ecdb3cc9c87abb89cf5d91dd9526cb2f43f,not_checked_birth_only
3/600,0xc1a0d1ac6e26b02f31af892862844dcf0d34ca9a,78522232,2026-10-02T20:37:03Z,0x838c18918016da20dd16349165bbc6433497e878a2c0332699ea587b525d7059,588,3,3,0,0,0xde0834abc76c217349ee2202d382401a04bce04d554c1a321d39c7287e54d27d|0x68321e091fbdaf57f2f807a1ba98a97bed948f018042c2dafe4a22395eb25dc6|0x838c18918016da20dd16349165bbc6433497e878a2c0332699ea587b525d7059,,not_checked_birth_only
3/600,0x1ef76f3be476e47bf26032ff4a9e26b6ea7edbd2,78552173,2026-10-02T21:27:24Z,0x247bcd543a71ef4b68eea3607ec77883ccafb08394969fab147340471ca253e4,133,3,3,0,0,0x2abd6b4cb9785e3e893b2b06ffe9d6032626514886160db4fc0318f578eb1051|0x73ca12017faa37deb888878eb92215d2f773906e5fafd0844e2738935baf2ca0|0x247bcd543a71ef4b68eea3607ec77883ccafb08394969fab147340471ca253e4,,not_checked_birth_only
3/600,0xbf3d0afa7417c336bbba6acaecafbc38b918e4cb,78575522,2026-10-02T22:06:30Z,0x1c62ca032a441f6d85cb34ccbb9ce9a77f3df076e55474a7abcad1e9ae483db2,274,3,3,1,1,0x7771cc8042213cfe86621c3675d7928a161afbd49bccb2239e0066fab249a3a2|0x67f69977eec61b10ce992e7805e8a2ba72876ffbf6e2126f66e37e608368051f|0x1c62ca032a441f6d85cb34ccbb9ce9a77f3df076e55474a7abcad1e9ae483db2,0x67f69977eec61b10ce992e7805e8a2ba72876ffbf6e2126f66e37e608368051f,not_checked_birth_only
3/600,0x523bbb74cb0585b5f76b6bea43b5a80686a2906a,78582444,2026-10-02T22:18:04Z,0x136d8a9fa75d0c8a51a920f87a06d622dc5bef0796add9fb67045d722c957f5f,220,3,3,1,1,0xcfc88c71895ae4c3069cdaf1dd952ba3eb5aebd1c51c9643bfb8ba1f9fc109ec|0x42b022a4bc56c2caecce462fb387dc5d5e4f432ebf7fc3d583ea2b52ac8305c9|0x136d8a9fa75d0c8a51a920f87a06d622dc5bef0796add9fb67045d722c957f5f,0xcfc88c71895ae4c3069cdaf1dd952ba3eb5aebd1c51c9643bfb8ba1f9fc109ec,not_checked_birth_only
3/600,0xa9ddbd54f2cbf7de7ce5caefed8fd64b0007f836,78588055,2026-10-02T22:27:28Z,0xccd008ee496378122710cf37ce2b43ab8dea987d6b21a1cc68f0d362493f49ad,91,3,3,1,1,0x20045bfa3fb2ef67f663ba8b95a20124a265ae9c25f46a303ee1ac5fc25358fb|0x66437ef224f95c8aff37f0292a5bf1febbb1eb1a792d0f948fad1268c3c1039a|0xccd008ee496378122710cf37ce2b43ab8dea987d6b21a1cc68f0d362493f49ad,0x66437ef224f95c8aff37f0292a5bf1febbb1eb1a792d0f948fad1268c3c1039a,not_checked_birth_only
3/600,0xcb8f0103c7f7ca153baa10753cdd5f4835eeef82,78593669,2026-10-02T22:36:52Z,0xdd8b0979ae7ea8c18231a8082c6971b047c9b0713984dcde3ff66d3a7b7f7f93,560,3,3,1,1,0xb993af2570c977165d5bd97714fb20509586056418170f69ab6df728b0d6ad2e|0xbb18aaee06675a0cd1edfcea87ba4505101b031f0486570bda61270dc448030b|0xdd8b0979ae7ea8c18231a8082c6971b047c9b0713984dcde3ff66d3a7b7f7f93,0xbb18aaee06675a0cd1edfcea87ba4505101b031f0486570bda61270dc448030b,not_checked_birth_only
3/600,0x14a64d6f3db9900be9c554d0961f539a16f43f9c,78605764,2026-10-02T22:57:06Z,0xc7fc6b89f5b1848bf8150cf915ad8ccac1d8d82e0f0730ce7f293ebcdd6692f5,271,3,3,0,0,0x3fe3d7254b2ad2858b9045d667eb21a399814416642a5f619427ef6396b19143|0xcbeee69af7873c792c3ea0e1168072d9e430837d12b112b05d96cb8d955f339d|0xc7fc6b89f5b1848bf8150cf915ad8ccac1d8d82e0f0730ce7f293ebcdd6692f5,,not_checked_birth_only
3/600,0x316fa3ab9a8fd8d7567a823dedecf28d9fee2894,78608673,2026-10-02T23:01:59Z,0xca9f487f26c9d54afadb063b90cab523d2c0c22eb5c83f3bd36ebb63a3969310,105,3,3,1,1,0x5d8ff9706c4c4dead1cf8f05805197d38d25c8c54a7e128a755cf6a65cefca98|0x7e2c369c6520de74ca0d4fd8d538c0ba93961f39d50f72cbb2fd5118bc90c70e|0xca9f487f26c9d54afadb063b90cab523d2c0c22eb5c83f3bd36ebb63a3969310,0x7e2c369c6520de74ca0d4fd8d538c0ba93961f39d50f72cbb2fd5118bc90c70e,not_checked_birth_only
3/600,0x04cc671f5678902a0d8c7c8ddae64d0d6928bfee,78611654,2026-10-02T23:06:58Z,0x28969475cbd9bcccb1ed488f9947d0d27077b61baa155a8fdb8af439f3ad9f07,494,3,3,0,0,0x2f1cf08defea9c06ea63f11aef96a6c62230e1945eeaae46cc75951737d47461|0xe303804d5b3106880131a3c3bd5ae757a96be74a79f1da085023bd64cc345fd8|0x28969475cbd9bcccb1ed488f9947d0d27077b61baa155a8fdb8af439f3ad9f07,,not_checked_birth_only
3/600,0x2054031be916c1ecdac3894f37456421fd1c920c,78654962,2026-10-03T00:19:41Z,0xa03880026b26e7c9c1c0b28d5a630a07e40317bbc38594757cedebd21a464346,316,3,3,0,0,0x1339038d92d581acd1da051e0ff2d3e827872d860d2bf6d81fb91557438bcdd0|0xdc33c6fe84297c86ea837b7376ce56c4aa016dfe042963afd73f3a59036479c2|0xa03880026b26e7c9c1c0b28d5a630a07e40317bbc38594757cedebd21a464346,,not_checked_birth_only
3/600,0xd7855d7459ef3d902cfad6128c7afcacd6a0da06,78659618,2026-10-03T00:27:31Z,0xf3560e6a648b45b60b408852248529a641115e8142fb72bfe21e953044e40cac,494,4,3,2,1,0xb387b7a6235dc6c5773ad892b876283e5769ffec215c5c0c1006b498dcce00d2|0x6eb0fce86526a034d96b9335af6dccac2301ec1fc094c4245b67474bef67a141|0x54f50482ea46a6d28a9a16a22dcd65542ad3eda5165aa4717b36db9db6cb6ecb|0xf3560e6a648b45b60b408852248529a641115e8142fb72bfe21e953044e40cac,0xb387b7a6235dc6c5773ad892b876283e5769ffec215c5c0c1006b498dcce00d2|0x6eb0fce86526a034d96b9335af6dccac2301ec1fc094c4245b67474bef67a141,not_checked_birth_only
3/600,0xb945b005e39e2266a3f5bc12e34ec6b68e0bd9cf,78682659,2026-10-03T01:06:20Z,0x6dfc629b36b1ddd0e5cc22079741226056c62547bf042a5171ad47a6522128eb,167,3,3,2,2,0xbf63985620a580b0285528c373d7dbdcc738dd8b6200bb2e17e7fdd12c152ef5|0xaa0e45d79d3fca60a61253d77661b8911fe61f2de0d888ce93bade593dbfbc8a|0x6dfc629b36b1ddd0e5cc22079741226056c62547bf042a5171ad47a6522128eb,0xbf63985620a580b0285528c373d7dbdcc738dd8b6200bb2e17e7fdd12c152ef5|0xaa0e45d79d3fca60a61253d77661b8911fe61f2de0d888ce93bade593dbfbc8a,not_checked_birth_only
3/600,0xd79a17a73f1c38a3eab7c943de6051f824fc4d8e,78685236,2026-10-03T01:10:40Z,0xdff90a12fb890e648f38308f7e415ae086c715114886decc36f53c36561e1a3a,205,3,3,1,1,0x89c00421c3a8f1353def4c68de94be371a81099806f0094f36ca2481aa250f84|0x7b61d922e46111f2e2ef0a701953841746afd35f162278cbd3e4badb2c01857b|0xdff90a12fb890e648f38308f7e415ae086c715114886decc36f53c36561e1a3a,0xdff90a12fb890e648f38308f7e415ae086c715114886decc36f53c36561e1a3a,not_checked_birth_only
3/600,0x6c7c3113bfa9eef3e716a4912d9b0dc47aefe796,78698787,2026-10-03T01:33:28Z,0xb5f212fc574066701412f473777bf1bd947748c4a988973f5d6d14dc75d39583,88,3,3,0,0,0xbae90bf0271cd9e1a74b5b9c2bf3ad02bd24da60abf9c5b016ebc079a6aa5b2e|0x46f9254ead25faef32d53158b9a4a4e1ab3a286504e428e5fbc6abd68eade049|0xb5f212fc574066701412f473777bf1bd947748c4a988973f5d6d14dc75d39583,,not_checked_birth_only
3/600,0x9f5087ce562f9f16269da544ee4dc88e92574767,78758455,2026-10-03T03:14:06Z,0xa70c099ce4d266aede3eb5fa4f97810c0ef31940f7c2e251f9bd45c14e9dd9b4,409,3,3,2,2,0x8c4ef0323748e310df55d54844d35cf6f422943b14447153ded7e501261275c5|0xaec5893cd4223568ac6c22f441a2f449f27242d7e582c942575d40ff37c3403c|0xa70c099ce4d266aede3eb5fa4f97810c0ef31940f7c2e251f9bd45c14e9dd9b4,0xaec5893cd4223568ac6c22f441a2f449f27242d7e582c942575d40ff37c3403c|0xa70c099ce4d266aede3eb5fa4f97810c0ef31940f7c2e251f9bd45c14e9dd9b4,not_checked_birth_only
4/300,0x8f86a15ec17cb3369d8b3e666dadbc11daa82b79,77979653,2026-10-02T05:24:13Z,0xab0575c0b1679bad16e51478e23314fbb644ff833a7c425c946550fd2c2160a2,0,10,10,10,10,0x0703e1e3c863e9f0d5bf856c135e0ac1ef9057337cbff02509ee346a18c9e8a3|0x0e2b774c9e8afc55edbac7bcade9ac3b95cb177ba0528982d8f9862831203b47|0xd0c090088917c2ebf5fd85ee45242318b261952aea9c470db90c152420befc4e|0xab0575c0b1679bad16e51478e23314fbb644ff833a7c425c946550fd2c2160a2|0xdd48d254b9716e6400b461947495689c06076303f6c3cc2d9fb0d0bd95b5e5e7|0xf49412078473c8e0abfd844113f2e9703987f059389d53beee35f970afa0dfcc|0xe6b907651399589cf3ed2f6bb3dd05de2dcaebac5d950630c2bd1432368aef88|0x9ce7392a4c64de376271a0be327ec36949c02c12957235e69a58c255c735950e|0x15fb50dd1b1d7c610edb7c90e736de668c9336250dfb92b696fb49406e89daf3|0xb2ceaa6687218c20c77376ecafc05064f83d022506fa9b5acb475a91e7b33803,0x0703e1e3c863e9f0d5bf856c135e0ac1ef9057337cbff02509ee346a18c9e8a3|0x0e2b774c9e8afc55edbac7bcade9ac3b95cb177ba0528982d8f9862831203b47|0xd0c090088917c2ebf5fd85ee45242318b261952aea9c470db90c152420befc4e|0xab0575c0b1679bad16e51478e23314fbb644ff833a7c425c946550fd2c2160a2|0xdd48d254b9716e6400b461947495689c06076303f6c3cc2d9fb0d0bd95b5e5e7|0xf49412078473c8e0abfd844113f2e9703987f059389d53beee35f970afa0dfcc|0xe6b907651399589cf3ed2f6bb3dd05de2dcaebac5d950630c2bd1432368aef88|0x9ce7392a4c64de376271a0be327ec36949c02c12957235e69a58c255c735950e|0x15fb50dd1b1d7c610edb7c90e736de668c9336250dfb92b696fb49406e89daf3|0xb2ceaa6687218c20c77376ecafc05064f83d022506fa9b5acb475a91e7b33803,not_checked_birth_only
4/300,0x2c612e2f811f106f1baa1dbc5fbae88f1ac561c7,78005742,2026-10-02T06:08:19Z,0xd6a07268bb679c37d32ac09ab5ae8f0b19b1f70ab28b9d4dbc54f55c46655cec,198,4,4,0,0,0x2fa9ce12d1f3e31a26a0d9ab05416c534dd574fd700c1e3086c76c006be27d57|0x7bdc77a45013c0a883c092bd6fae6e40b2159789c89a900650c9deff101973eb|0x4ec3d1fc53ae7ed564f4db9253e34df74794547cd796b8b289413dee041322c3|0xd6a07268bb679c37d32ac09ab5ae8f0b19b1f70ab28b9d4dbc54f55c46655cec,,not_checked_birth_only
4/300,0xafdc93ae51e4d9640534f4e44789561c182cdab9,78043557,2026-10-02T07:12:23Z,0xf959a7963181ff996939d820e381a46509d0c9248350ea174f558e3599cad08c,209,17,4,6,1,0xeea9dcff277b76c95563ee0b0c54fd013338c02cd1fe05450828dbee74b6c400|0x86aff9baebf0e65fde953c441f2ebfe7437c4fd8ab6ea70b53952fdf657d7328|0x7b64847eb04fa780bd86ac0fb3276beb5c8aa4e2b408d46350ba03aeb9edc842|0xa0606c84031a03f5493cd192eb667f6e0a4eb9db11579270295d3521b0dfd5cb|0x546662658cb01dc6099d1f391eb06cf019b65b8674ec7e9f1b431f53c6902d57|0xaac390a3de079d2d918090cd81e2bc92ed9430593b5b4658bbec187c94c0942c|0xa8eaf75b75b0c549e8c216db0e04b04bb3860d9db1d945d4804666e5d7892b34|0xca0991c4be7926f78b69443f92dd8a614bc4b0808e2f53c41a97c5387e26c29b|0xd07c94f60bf455d23cb68541448297998008861fd475a5eeccba79cf55ec6331|0xc2a5cc4b25b4ab616667e328410023d4d689208546cf2e12ab4abf905a51a7eb|0xc76ae93605e9e11c4bfdf641a0c025ff529b263023b43ba4ca4b686fda181a26|0xeb2801e27458ce9e94475b01caca6cd5dacb1d773c06e3c8d44eb311d735862a|0x37fa29699065813793cf91f1a300a5f981acd4ba8ca32564d2dfb83f42ca0fe2|0xe2a23c07e5f7b72396969250dcc6bdad8fe2cdd62fbe42946cb65c3725fd780d|0x00fce1327a90a4c1e616e6dcd61423f2c387b9c25ebc8a888de3a54bce8d2205|0x638717d7ab236ce729424ba776967eb8873108154baef506ebcb75b4a68a6953|0xf959a7963181ff996939d820e381a46509d0c9248350ea174f558e3599cad08c,0xa0606c84031a03f5493cd192eb667f6e0a4eb9db11579270295d3521b0dfd5cb|0xa8eaf75b75b0c549e8c216db0e04b04bb3860d9db1d945d4804666e5d7892b34|0xca0991c4be7926f78b69443f92dd8a614bc4b0808e2f53c41a97c5387e26c29b|0xc2a5cc4b25b4ab616667e328410023d4d689208546cf2e12ab4abf905a51a7eb|0xeb2801e27458ce9e94475b01caca6cd5dacb1d773c06e3c8d44eb311d735862a|0xe2a23c07e5f7b72396969250dcc6bdad8fe2cdd62fbe42946cb65c3725fd780d,not_checked_birth_only
4/300,0xb3d190087e16b8d49c906a27ee398bfe0f94338c,78113791,2026-10-02T09:11:02Z,0x12458812a234a76a2f8bc5634151c488edf16eff42de4dbda83ff6a9d5f1e007,282,4,4,0,0,0xd2256c8d98f6c8c3850ab944919afebdbc262e5354ac45452acb6839db016e3a|0x7a6ec64dd2769a138759946b6da3c3bc397b471525b3c0ea7f081d5d56582197|0x1ec2947abca55d4e51892579f5755d0d8e15a805cdcb639633c964449b7fe95d|0x12458812a234a76a2f8bc5634151c488edf16eff42de4dbda83ff6a9d5f1e007,,not_checked_birth_only
4/300,0x0d0a2a82f0d3897600902cd08e6a5be1b65f74d1,78244949,2026-10-02T12:51:52Z,0xaf4d49267ad672575ba650933d1eaabe073b0cb97f61815b75d0148d79d6b992,271,4,4,2,2,0xbb34d7d6e4b0e91ec8510dc2f806953dbe3c50fe9d675e35a2d69d05f3577f1b|0x1ef002f3c873c00ca3948bcdae4c10ac85fe5727f7dc5f8d319f5e4692f141f2|0x42a1bb577d542844afa3bb30485bb6de49a4d385babbcf0ff56c0dcfa408829a|0xaf4d49267ad672575ba650933d1eaabe073b0cb97f61815b75d0148d79d6b992,0x42a1bb577d542844afa3bb30485bb6de49a4d385babbcf0ff56c0dcfa408829a|0xaf4d49267ad672575ba650933d1eaabe073b0cb97f61815b75d0148d79d6b992,not_checked_birth_only
4/300,0x7bc5a81458453de233ee3204169e053767deb3ca,78337133,2026-10-02T15:26:17Z,0xfd28b2ff92418a8d3bb7ed5902cfcf4feb495813604d6e9f71232206b9db4128,167,7,4,4,3,0x608746bba9dea50501ba3bf92daaff401e9b00dc314e40bd4199f9de0e4a7375|0xd4dcf272a668de96aa0f91fc2752d84a331f623530950fb99cfa76e890614883|0x15119a6c89a22553089b87f23444562910d87c33b2dc53a78aad0fd969dc30be|0xd57f8eb41b800386845b04f1623eeab3c0a9736896209c9d5897a03d2796de90|0xcf02c11c3d94009f4d8f30c7e43a626d50c930db02d4a07ee41e0af90b58851f|0x0a7306c0a5e867fa27022cec56e882401813ae3939f496c7b00131563558afc5|0xfd28b2ff92418a8d3bb7ed5902cfcf4feb495813604d6e9f71232206b9db4128,0x15119a6c89a22553089b87f23444562910d87c33b2dc53a78aad0fd969dc30be|0xd57f8eb41b800386845b04f1623eeab3c0a9736896209c9d5897a03d2796de90|0x0a7306c0a5e867fa27022cec56e882401813ae3939f496c7b00131563558afc5|0xfd28b2ff92418a8d3bb7ed5902cfcf4feb495813604d6e9f71232206b9db4128,not_checked_birth_only
4/300,0x4c2eb3c6af30fafdff09ef368e8db3b2a8e3cff5,78343975,2026-10-02T15:37:46Z,0x4ca773ae65ecc8d6692bf42d38bba93fc17cdd8807f6860c31deb7c33da55d3f,287,4,4,0,0,0xc3e87e728983d3db164d5da19feb050293c11a7f37d6a311e73c30f57629585e|0xa8f371ca5380dd2d55b75eb9bbc4307842a64c37ba5020bd0eb65d66d8bc9227|0x21d6f6ee1aa061dfb0ff49098c808de7ad2eb2ad48f8a581c62333cdf08571a2|0x4ca773ae65ecc8d6692bf42d38bba93fc17cdd8807f6860c31deb7c33da55d3f,,not_checked_birth_only
4/300,0xd5305d850c6a00aabdf8e44b8bbe57fb884b739c,78349731,2026-10-02T15:47:23Z,0xdf5cb769915e3874b263058e4433f948bc92123763eace6878ab22e1c40cdfd3,267,5,4,0,0,0x2ab6895690adae74effe06615a724c1318b95b6e5a9115baaa009f29bb15595a|0x970bca928552372a2f7e6be293b89bf494c17e81a7a74996c1df1aaafe2740a1|0x050268fdff9e294dd3d143b52594e7b34dd6814c60fc9a80f95a1fd693418a07|0xaaea57000bda14bc17fcb04bea86b6e4531c1d077ff83cbfddf506b343472150|0xdf5cb769915e3874b263058e4433f948bc92123763eace6878ab22e1c40cdfd3,,not_checked_birth_only
4/300,0x15da2596f4c21227185466066bf0f19d9d526b8a,78355445,2026-10-02T15:56:59Z,0x4ad9d653f083d0e760478104aa115f3df5ad487f308eedf975cd9544ed6df617,292,6,4,1,1,0x2680898c78ecd39bbcb19a073e1c82e98a10a0d5be6a997f896b5e275af79a18|0x9bef5f939e4faf9a923a515af3e435541f85d52f553d581bc644ee406c9e37ef|0xc8461f475bdf0eef12fce87fbff89c3a340d203b8330abda11a3b460e6858efd|0xc55db5b869507be90021e516ec5f46ca7c6c5b9f637f414914a1e6d0b1a771b2|0x7d13796bab681d8d0bf9f454261f48a3c0d565139a86c810a1e464e50030bec3|0x4ad9d653f083d0e760478104aa115f3df5ad487f308eedf975cd9544ed6df617,0x4ad9d653f083d0e760478104aa115f3df5ad487f308eedf975cd9544ed6df617,not_checked_birth_only
4/300,0x4da3916d3ae6feece32ec8a2c4856d4abeb41bfd,78367863,2026-10-02T16:17:48Z,0x207a4c806404f97766acc2a3e56faeb88d3540d8e75ef921bd929d4b8fecdaec,106,4,4,4,4,0x8dfe44aad78e08ad8c051e8a5f7af59e9fb5cf7b6a56e9ad8efbdfc6199be3b1|0xf1b76ce1940492c60cd8748af63645d846afa79ad425a262c1b77fdca2664f25|0x025c19b76442759fb5c2dfdaf4f6fb1381feff8a512ffa0c2d5f5bb28fc541e1|0x207a4c806404f97766acc2a3e56faeb88d3540d8e75ef921bd929d4b8fecdaec,0x8dfe44aad78e08ad8c051e8a5f7af59e9fb5cf7b6a56e9ad8efbdfc6199be3b1|0xf1b76ce1940492c60cd8748af63645d846afa79ad425a262c1b77fdca2664f25|0x025c19b76442759fb5c2dfdaf4f6fb1381feff8a512ffa0c2d5f5bb28fc541e1|0x207a4c806404f97766acc2a3e56faeb88d3540d8e75ef921bd929d4b8fecdaec,not_checked_birth_only
4/300,0x7aad7e1e9835f12a53673e1f97662bbca9aedb23,78382038,2026-10-02T16:41:34Z,0x90056ed40b8ab6a7533f88630662eb9c66bebae1f8afcf6ed8e0c82d6ab95d3b,74,5,4,0,0,0x8aaa99f212acc53ec4aaf7b673d1c3e889cf50f313662a943d8c339a9e8c2eef|0x3f9d50670ed1c8e20fa2af306e5e98e53691af71f47c33114aaf3461bf24fa7b|0xefecd906168e4aee53d8d25dd0fde3983eb38604582924accd35a2ca4c67b851|0x2b5f19aeaf5f05e1c447731d65984b4c2ad4bea579fee3eee16d1d516f2956b3|0x90056ed40b8ab6a7533f88630662eb9c66bebae1f8afcf6ed8e0c82d6ab95d3b,,not_checked_birth_only
4/300,0xa9ddbd54f2cbf7de7ce5caefed8fd64b0007f836,78588815,2026-10-02T22:28:43Z,0x630b5fb5a0a3df1533d9b2f7dd8fa190a8863331e2f8453beea4fe758d6355ae,166,4,4,2,2,0x20045bfa3fb2ef67f663ba8b95a20124a265ae9c25f46a303ee1ac5fc25358fb|0x66437ef224f95c8aff37f0292a5bf1febbb1eb1a792d0f948fad1268c3c1039a|0xccd008ee496378122710cf37ce2b43ab8dea987d6b21a1cc68f0d362493f49ad|0x630b5fb5a0a3df1533d9b2f7dd8fa190a8863331e2f8453beea4fe758d6355ae,0x66437ef224f95c8aff37f0292a5bf1febbb1eb1a792d0f948fad1268c3c1039a|0x630b5fb5a0a3df1533d9b2f7dd8fa190a8863331e2f8453beea4fe758d6355ae,not_checked_birth_only
4/300,0x14a64d6f3db9900be9c554d0961f539a16f43f9c,78605929,2026-10-02T22:57:23Z,0x1cdf06dc36bf5c6094d60a658c389df20def5e44350c0c9e76b186322739985e,288,4,4,1,1,0x3fe3d7254b2ad2858b9045d667eb21a399814416642a5f619427ef6396b19143|0xcbeee69af7873c792c3ea0e1168072d9e430837d12b112b05d96cb8d955f339d|0xc7fc6b89f5b1848bf8150cf915ad8ccac1d8d82e0f0730ce7f293ebcdd6692f5|0x1cdf06dc36bf5c6094d60a658c389df20def5e44350c0c9e76b186322739985e,0x1cdf06dc36bf5c6094d60a658c389df20def5e44350c0c9e76b186322739985e,not_checked_birth_only
4/300,0x316fa3ab9a8fd8d7567a823dedecf28d9fee2894,78608829,2026-10-02T23:02:14Z,0xd6b8458c68f57f779835591c64761c9c7547fa9fbee4b83d39388a6f871d87c8,120,4,4,1,1,0x5d8ff9706c4c4dead1cf8f05805197d38d25c8c54a7e128a755cf6a65cefca98|0x7e2c369c6520de74ca0d4fd8d538c0ba93961f39d50f72cbb2fd5118bc90c70e|0xca9f487f26c9d54afadb063b90cab523d2c0c22eb5c83f3bd36ebb63a3969310|0xd6b8458c68f57f779835591c64761c9c7547fa9fbee4b83d39388a6f871d87c8,0x7e2c369c6520de74ca0d4fd8d538c0ba93961f39d50f72cbb2fd5118bc90c70e,not_checked_birth_only
4/300,0x2054031be916c1ecdac3894f37456421fd1c920c,78657497,2026-10-03T00:23:56Z,0xa543dff38850d9fa4366e312c86b6968787cf11a793afd03236c083e98f1e0e1,255,6,4,2,2,0x1339038d92d581acd1da051e0ff2d3e827872d860d2bf6d81fb91557438bcdd0|0xdc33c6fe84297c86ea837b7376ce56c4aa016dfe042963afd73f3a59036479c2|0xa03880026b26e7c9c1c0b28d5a630a07e40317bbc38594757cedebd21a464346|0xdac3af0c3cc1e96a935ae505de55f9384fd9ba5f5e63703bcb3c2ab613896872|0x048956e8eab9abcb4a5ec72f27483cd40a56e1e84fca4a0c042e35c91220501a|0xa543dff38850d9fa4366e312c86b6968787cf11a793afd03236c083e98f1e0e1,0xdac3af0c3cc1e96a935ae505de55f9384fd9ba5f5e63703bcb3c2ab613896872|0xa543dff38850d9fa4366e312c86b6968787cf11a793afd03236c083e98f1e0e1,not_checked_birth_only
4/300,0x6c7c3113bfa9eef3e716a4912d9b0dc47aefe796,78699494,2026-10-03T01:34:38Z,0xb1eaeb6974cee0f01d5b8df747ab7b8ebe34d871fbe7dc0e4e8b5aa8332e8d5b,158,4,4,0,0,0xbae90bf0271cd9e1a74b5b9c2bf3ad02bd24da60abf9c5b016ebc079a6aa5b2e|0x46f9254ead25faef32d53158b9a4a4e1ab3a286504e428e5fbc6abd68eade049|0xb5f212fc574066701412f473777bf1bd947748c4a988973f5d6d14dc75d39583|0xb1eaeb6974cee0f01d5b8df747ab7b8ebe34d871fbe7dc0e4e8b5aa8332e8d5b,,not_checked_birth_only
4/600,0x8f86a15ec17cb3369d8b3e666dadbc11daa82b79,77979653,2026-10-02T05:24:13Z,0xab0575c0b1679bad16e51478e23314fbb644ff833a7c425c946550fd2c2160a2,0,10,10,10,10,0x0703e1e3c863e9f0d5bf856c135e0ac1ef9057337cbff02509ee346a18c9e8a3|0x0e2b774c9e8afc55edbac7bcade9ac3b95cb177ba0528982d8f9862831203b47|0xd0c090088917c2ebf5fd85ee45242318b261952aea9c470db90c152420befc4e|0xab0575c0b1679bad16e51478e23314fbb644ff833a7c425c946550fd2c2160a2|0xdd48d254b9716e6400b461947495689c06076303f6c3cc2d9fb0d0bd95b5e5e7|0xf49412078473c8e0abfd844113f2e9703987f059389d53beee35f970afa0dfcc|0xe6b907651399589cf3ed2f6bb3dd05de2dcaebac5d950630c2bd1432368aef88|0x9ce7392a4c64de376271a0be327ec36949c02c12957235e69a58c255c735950e|0x15fb50dd1b1d7c610edb7c90e736de668c9336250dfb92b696fb49406e89daf3|0xb2ceaa6687218c20c77376ecafc05064f83d022506fa9b5acb475a91e7b33803,0x0703e1e3c863e9f0d5bf856c135e0ac1ef9057337cbff02509ee346a18c9e8a3|0x0e2b774c9e8afc55edbac7bcade9ac3b95cb177ba0528982d8f9862831203b47|0xd0c090088917c2ebf5fd85ee45242318b261952aea9c470db90c152420befc4e|0xab0575c0b1679bad16e51478e23314fbb644ff833a7c425c946550fd2c2160a2|0xdd48d254b9716e6400b461947495689c06076303f6c3cc2d9fb0d0bd95b5e5e7|0xf49412078473c8e0abfd844113f2e9703987f059389d53beee35f970afa0dfcc|0xe6b907651399589cf3ed2f6bb3dd05de2dcaebac5d950630c2bd1432368aef88|0x9ce7392a4c64de376271a0be327ec36949c02c12957235e69a58c255c735950e|0x15fb50dd1b1d7c610edb7c90e736de668c9336250dfb92b696fb49406e89daf3|0xb2ceaa6687218c20c77376ecafc05064f83d022506fa9b5acb475a91e7b33803,not_checked_birth_only
4/600,0x2c612e2f811f106f1baa1dbc5fbae88f1ac561c7,78005742,2026-10-02T06:08:19Z,0xd6a07268bb679c37d32ac09ab5ae8f0b19b1f70ab28b9d4dbc54f55c46655cec,198,4,4,0,0,0x2fa9ce12d1f3e31a26a0d9ab05416c534dd574fd700c1e3086c76c006be27d57|0x7bdc77a45013c0a883c092bd6fae6e40b2159789c89a900650c9deff101973eb|0x4ec3d1fc53ae7ed564f4db9253e34df74794547cd796b8b289413dee041322c3|0xd6a07268bb679c37d32ac09ab5ae8f0b19b1f70ab28b9d4dbc54f55c46655cec,,not_checked_birth_only
4/600,0xafdc93ae51e4d9640534f4e44789561c182cdab9,78024063,2026-10-02T06:39:18Z,0xd07c94f60bf455d23cb68541448297998008861fd475a5eeccba79cf55ec6331,490,9,4,3,2,0xeea9dcff277b76c95563ee0b0c54fd013338c02cd1fe05450828dbee74b6c400|0x86aff9baebf0e65fde953c441f2ebfe7437c4fd8ab6ea70b53952fdf657d7328|0x7b64847eb04fa780bd86ac0fb3276beb5c8aa4e2b408d46350ba03aeb9edc842|0xa0606c84031a03f5493cd192eb667f6e0a4eb9db11579270295d3521b0dfd5cb|0x546662658cb01dc6099d1f391eb06cf019b65b8674ec7e9f1b431f53c6902d57|0xaac390a3de079d2d918090cd81e2bc92ed9430593b5b4658bbec187c94c0942c|0xa8eaf75b75b0c549e8c216db0e04b04bb3860d9db1d945d4804666e5d7892b34|0xca0991c4be7926f78b69443f92dd8a614bc4b0808e2f53c41a97c5387e26c29b|0xd07c94f60bf455d23cb68541448297998008861fd475a5eeccba79cf55ec6331,0xa0606c84031a03f5493cd192eb667f6e0a4eb9db11579270295d3521b0dfd5cb|0xa8eaf75b75b0c549e8c216db0e04b04bb3860d9db1d945d4804666e5d7892b34|0xca0991c4be7926f78b69443f92dd8a614bc4b0808e2f53c41a97c5387e26c29b,not_checked_birth_only
4/600,0xb3d190087e16b8d49c906a27ee398bfe0f94338c,78113791,2026-10-02T09:11:02Z,0x12458812a234a76a2f8bc5634151c488edf16eff42de4dbda83ff6a9d5f1e007,282,4,4,0,0,0xd2256c8d98f6c8c3850ab944919afebdbc262e5354ac45452acb6839db016e3a|0x7a6ec64dd2769a138759946b6da3c3bc397b471525b3c0ea7f081d5d56582197|0x1ec2947abca55d4e51892579f5755d0d8e15a805cdcb639633c964449b7fe95d|0x12458812a234a76a2f8bc5634151c488edf16eff42de4dbda83ff6a9d5f1e007,,not_checked_birth_only
4/600,0xbe5d432a0b30443987d261b664cc6bb8bccb80d6,78191975,2026-10-02T11:22:39Z,0x419a32c4bad9004951c50152caf8a964447a9c486721a43d10b352e24677b8da,411,9,4,3,3,0x3d784105f793b9b884f8cd07e1aadbb5abc3016e3ad3e0d85df52307fe4fdf70|0x9cee3c6f9e8a6e6978660901b7ecac5861c54c160ce98b01b8e109ea0132b07f|0x7ee3383369c7d431b7c0430dc2c5dc258a6431e33a35e9629cf01e89f0341d8a|0x0a22bb1c8f6f68977672406298e5326828f4f5f54c8024471e34c6a2b0001d07|0x45e7cf827c94dcde8d5317befae28dd2cba2d5a6e51874c5e128232eaf5e05a3|0x1084ac93bb48ed7adce7d03290456520c8417df87ddc439ce145ce43976416d4|0xd7d5cccb23ccdc309c51dbff607db927091b994c23321e06ac13cc798be9a689|0x1632a0c494de2ced8a8171cf1bf31e128e9b5b2de4ca597efb26c133f994ee4b|0x419a32c4bad9004951c50152caf8a964447a9c486721a43d10b352e24677b8da,0xd7d5cccb23ccdc309c51dbff607db927091b994c23321e06ac13cc798be9a689|0x1632a0c494de2ced8a8171cf1bf31e128e9b5b2de4ca597efb26c133f994ee4b|0x419a32c4bad9004951c50152caf8a964447a9c486721a43d10b352e24677b8da,not_checked_birth_only
4/600,0x0d0a2a82f0d3897600902cd08e6a5be1b65f74d1,78244949,2026-10-02T12:51:52Z,0xaf4d49267ad672575ba650933d1eaabe073b0cb97f61815b75d0148d79d6b992,271,4,4,2,2,0xbb34d7d6e4b0e91ec8510dc2f806953dbe3c50fe9d675e35a2d69d05f3577f1b|0x1ef002f3c873c00ca3948bcdae4c10ac85fe5727f7dc5f8d319f5e4692f141f2|0x42a1bb577d542844afa3bb30485bb6de49a4d385babbcf0ff56c0dcfa408829a|0xaf4d49267ad672575ba650933d1eaabe073b0cb97f61815b75d0148d79d6b992,0x42a1bb577d542844afa3bb30485bb6de49a4d385babbcf0ff56c0dcfa408829a|0xaf4d49267ad672575ba650933d1eaabe073b0cb97f61815b75d0148d79d6b992,not_checked_birth_only
4/600,0xa4ddf89a40a35264e9d7f896a1ef01c59b1e977a,78274963,2026-10-02T13:42:13Z,0xa9db3d550b138c26b12ffe450fe9f7c2223273e8a7eedb76f55dacca3c5cb7bb,445,13,4,13,4,0xaaf30df97d30ff5ec808550ba54bbe142183976278d8d678c3adc59da751c9a1|0x881abcd9e7ca0a349342a5376ae8afa2f5b7b9bba0d643c0480eef9b6b17b030|0xe3f05a26d580390cbe8fd4182910b9ae2f356e0a2446a9cb96f8312ba1b93dc7|0x132c9dfa976c67dd1383494d2120ccc2a01a220e6257533c4e22f69367363429|0xafc19498a609a8231df6db5b75a8a50e123d02bf47b3d1fa0ee45121ab52e2d9|0x5a4ee7dead6f689ce839da746c79940df7d999d4323324a27e4899729c2ff65c|0x7aa27ae98f589cb64aa2811f61ec72ee0b8070b2feb6b746c92b90eadfb4bd56|0xd5ca5b31e6132a2d6c825894efde6a500def71676cc94f7c982e3d7a61b78a4a|0x6cae02d1be157327246ed1eb4968900d4e25c5bb91212043af2b1d62a0160d3d|0x547769e2b0adaadf223614ed322490757f4cec7c7e819eef5cd7d7a5cd8ee210|0x9150cd21d25e97d83ff11a96d99430317724ce7125513f0505ea0ab35513bfb1|0x59e9927383bc2dde324836581b2594d058edba6d196ab7f44522a2284259ae1b|0xa9db3d550b138c26b12ffe450fe9f7c2223273e8a7eedb76f55dacca3c5cb7bb,0xaaf30df97d30ff5ec808550ba54bbe142183976278d8d678c3adc59da751c9a1|0x881abcd9e7ca0a349342a5376ae8afa2f5b7b9bba0d643c0480eef9b6b17b030|0xe3f05a26d580390cbe8fd4182910b9ae2f356e0a2446a9cb96f8312ba1b93dc7|0x132c9dfa976c67dd1383494d2120ccc2a01a220e6257533c4e22f69367363429|0xafc19498a609a8231df6db5b75a8a50e123d02bf47b3d1fa0ee45121ab52e2d9|0x5a4ee7dead6f689ce839da746c79940df7d999d4323324a27e4899729c2ff65c|0x7aa27ae98f589cb64aa2811f61ec72ee0b8070b2feb6b746c92b90eadfb4bd56|0xd5ca5b31e6132a2d6c825894efde6a500def71676cc94f7c982e3d7a61b78a4a|0x6cae02d1be157327246ed1eb4968900d4e25c5bb91212043af2b1d62a0160d3d|0x547769e2b0adaadf223614ed322490757f4cec7c7e819eef5cd7d7a5cd8ee210|0x9150cd21d25e97d83ff11a96d99430317724ce7125513f0505ea0ab35513bfb1|0x59e9927383bc2dde324836581b2594d058edba6d196ab7f44522a2284259ae1b|0xa9db3d550b138c26b12ffe450fe9f7c2223273e8a7eedb76f55dacca3c5cb7bb,not_checked_birth_only
4/600,0x7bc5a81458453de233ee3204169e053767deb3ca,78337133,2026-10-02T15:26:17Z,0xfd28b2ff92418a8d3bb7ed5902cfcf4feb495813604d6e9f71232206b9db4128,167,7,4,4,3,0x608746bba9dea50501ba3bf92daaff401e9b00dc314e40bd4199f9de0e4a7375|0xd4dcf272a668de96aa0f91fc2752d84a331f623530950fb99cfa76e890614883|0x15119a6c89a22553089b87f23444562910d87c33b2dc53a78aad0fd969dc30be|0xd57f8eb41b800386845b04f1623eeab3c0a9736896209c9d5897a03d2796de90|0xcf02c11c3d94009f4d8f30c7e43a626d50c930db02d4a07ee41e0af90b58851f|0x0a7306c0a5e867fa27022cec56e882401813ae3939f496c7b00131563558afc5|0xfd28b2ff92418a8d3bb7ed5902cfcf4feb495813604d6e9f71232206b9db4128,0x15119a6c89a22553089b87f23444562910d87c33b2dc53a78aad0fd969dc30be|0xd57f8eb41b800386845b04f1623eeab3c0a9736896209c9d5897a03d2796de90|0x0a7306c0a5e867fa27022cec56e882401813ae3939f496c7b00131563558afc5|0xfd28b2ff92418a8d3bb7ed5902cfcf4feb495813604d6e9f71232206b9db4128,not_checked_birth_only
4/600,0x4c2eb3c6af30fafdff09ef368e8db3b2a8e3cff5,78343975,2026-10-02T15:37:46Z,0x4ca773ae65ecc8d6692bf42d38bba93fc17cdd8807f6860c31deb7c33da55d3f,287,4,4,0,0,0xc3e87e728983d3db164d5da19feb050293c11a7f37d6a311e73c30f57629585e|0xa8f371ca5380dd2d55b75eb9bbc4307842a64c37ba5020bd0eb65d66d8bc9227|0x21d6f6ee1aa061dfb0ff49098c808de7ad2eb2ad48f8a581c62333cdf08571a2|0x4ca773ae65ecc8d6692bf42d38bba93fc17cdd8807f6860c31deb7c33da55d3f,,not_checked_birth_only
4/600,0xd5305d850c6a00aabdf8e44b8bbe57fb884b739c,78349695,2026-10-02T15:47:20Z,0xaaea57000bda14bc17fcb04bea86b6e4531c1d077ff83cbfddf506b343472150,419,4,4,0,0,0x2ab6895690adae74effe06615a724c1318b95b6e5a9115baaa009f29bb15595a|0x970bca928552372a2f7e6be293b89bf494c17e81a7a74996c1df1aaafe2740a1|0x050268fdff9e294dd3d143b52594e7b34dd6814c60fc9a80f95a1fd693418a07|0xaaea57000bda14bc17fcb04bea86b6e4531c1d077ff83cbfddf506b343472150,,not_checked_birth_only
4/600,0x15da2596f4c21227185466066bf0f19d9d526b8a,78355445,2026-10-02T15:56:59Z,0x4ad9d653f083d0e760478104aa115f3df5ad487f308eedf975cd9544ed6df617,292,6,4,1,1,0x2680898c78ecd39bbcb19a073e1c82e98a10a0d5be6a997f896b5e275af79a18|0x9bef5f939e4faf9a923a515af3e435541f85d52f553d581bc644ee406c9e37ef|0xc8461f475bdf0eef12fce87fbff89c3a340d203b8330abda11a3b460e6858efd|0xc55db5b869507be90021e516ec5f46ca7c6c5b9f637f414914a1e6d0b1a771b2|0x7d13796bab681d8d0bf9f454261f48a3c0d565139a86c810a1e464e50030bec3|0x4ad9d653f083d0e760478104aa115f3df5ad487f308eedf975cd9544ed6df617,0x4ad9d653f083d0e760478104aa115f3df5ad487f308eedf975cd9544ed6df617,not_checked_birth_only
4/600,0x4da3916d3ae6feece32ec8a2c4856d4abeb41bfd,78367863,2026-10-02T16:17:48Z,0x207a4c806404f97766acc2a3e56faeb88d3540d8e75ef921bd929d4b8fecdaec,106,4,4,4,4,0x8dfe44aad78e08ad8c051e8a5f7af59e9fb5cf7b6a56e9ad8efbdfc6199be3b1|0xf1b76ce1940492c60cd8748af63645d846afa79ad425a262c1b77fdca2664f25|0x025c19b76442759fb5c2dfdaf4f6fb1381feff8a512ffa0c2d5f5bb28fc541e1|0x207a4c806404f97766acc2a3e56faeb88d3540d8e75ef921bd929d4b8fecdaec,0x8dfe44aad78e08ad8c051e8a5f7af59e9fb5cf7b6a56e9ad8efbdfc6199be3b1|0xf1b76ce1940492c60cd8748af63645d846afa79ad425a262c1b77fdca2664f25|0x025c19b76442759fb5c2dfdaf4f6fb1381feff8a512ffa0c2d5f5bb28fc541e1|0x207a4c806404f97766acc2a3e56faeb88d3540d8e75ef921bd929d4b8fecdaec,not_checked_birth_only
4/600,0x7aad7e1e9835f12a53673e1f97662bbca9aedb23,78382002,2026-10-02T16:41:30Z,0x2b5f19aeaf5f05e1c447731d65984b4c2ad4bea579fee3eee16d1d516f2956b3,350,4,4,0,0,0x8aaa99f212acc53ec4aaf7b673d1c3e889cf50f313662a943d8c339a9e8c2eef|0x3f9d50670ed1c8e20fa2af306e5e98e53691af71f47c33114aaf3461bf24fa7b|0xefecd906168e4aee53d8d25dd0fde3983eb38604582924accd35a2ca4c67b851|0x2b5f19aeaf5f05e1c447731d65984b4c2ad4bea579fee3eee16d1d516f2956b3,,not_checked_birth_only
4/600,0x007defdb60b9aa23058d268b7f77516a4ad7d3f0,78443148,2026-10-02T18:24:03Z,0x9b1932ded2f4dd1f0678833403df6caf68d11fb86b6ecccdcf461d1b1bfbf3ef,541,5,4,1,1,0xcc05def6d06419ff947cf7e8b65ced42ba00a31e10f5a883a3f1f32defa85d94|0xba00def88ef3f4f3924036e8d7df2e99a8cab5d3c873493561693b9cc89dfbf4|0x0ad4e6540043fef3e0359a44d28e8ab71c2c887b71566416657764b1d4ec6f28|0x3b0e41a2a68a5cbe81d0b231ac350ddf6b2d50ec122a906525240103333d4085|0x9b1932ded2f4dd1f0678833403df6caf68d11fb86b6ecccdcf461d1b1bfbf3ef,0x9b1932ded2f4dd1f0678833403df6caf68d11fb86b6ecccdcf461d1b1bfbf3ef,not_checked_birth_only
4/600,0x02533eb712f3f2925136653b4727e05fa0a7cc49,78476389,2026-10-02T19:20:00Z,0x35f604412c8e7cc7bd64d7385f8cf042b0d495364515fa9bd1c9804f40ac8355,541,4,4,0,0,0x09cb5bec0754dbb1380489b6ee4c77ce69c6d6d90195603e701d919ecbf9ac8f|0x43eac653543fe4ea4cce7a94f615486c8c22a18638507abf1ca6d3973a64251c|0x4cd5702df228647034683528ccc2717fe307868c4456a1d5609f5baed3e44f2a|0x35f604412c8e7cc7bd64d7385f8cf042b0d495364515fa9bd1c9804f40ac8355,,not_checked_birth_only
4/600,0x12d2811c1e6319a4b614529506d69024170bfc43,78478104,2026-10-02T19:22:52Z,0x329e1d9aa7478374b04839d2d2806718df8dfc4cd91fdbaaded94f2626ef3d03,375,4,4,0,0,0xa29219cec89bf237803811ddf7954af2c66a67f9c589584df9abddbaa50ff352|0x64798c52c5f0521931301794afd05896e6d151c4f96e07f8200c83edf61b1115|0xa9db4eef3ff0979b1ca8f8b716ce13ef3dce81c755b123858b9302e01a2da645|0x329e1d9aa7478374b04839d2d2806718df8dfc4cd91fdbaaded94f2626ef3d03,,not_checked_birth_only
4/600,0x1ef76f3be476e47bf26032ff4a9e26b6ea7edbd2,78555726,2026-10-02T21:33:22Z,0x26e576f2aef601044290563dfe1b062796b16ae3c4ed770bc3ebf4cdf85d2c37,491,4,4,0,0,0x2abd6b4cb9785e3e893b2b06ffe9d6032626514886160db4fc0318f578eb1051|0x73ca12017faa37deb888878eb92215d2f773906e5fafd0844e2738935baf2ca0|0x247bcd543a71ef4b68eea3607ec77883ccafb08394969fab147340471ca253e4|0x26e576f2aef601044290563dfe1b062796b16ae3c4ed770bc3ebf4cdf85d2c37,,not_checked_birth_only
4/600,0xbf3d0afa7417c336bbba6acaecafbc38b918e4cb,78576297,2026-10-02T22:07:48Z,0xc974b7b1633594640ef8afc5d5cdccfb572a3b679c2db311dbbfc25d7745cf33,352,4,4,1,1,0x7771cc8042213cfe86621c3675d7928a161afbd49bccb2239e0066fab249a3a2|0x67f69977eec61b10ce992e7805e8a2ba72876ffbf6e2126f66e37e608368051f|0x1c62ca032a441f6d85cb34ccbb9ce9a77f3df076e55474a7abcad1e9ae483db2|0xc974b7b1633594640ef8afc5d5cdccfb572a3b679c2db311dbbfc25d7745cf33,0x67f69977eec61b10ce992e7805e8a2ba72876ffbf6e2126f66e37e608368051f,not_checked_birth_only
4/600,0xa9ddbd54f2cbf7de7ce5caefed8fd64b0007f836,78588815,2026-10-02T22:28:43Z,0x630b5fb5a0a3df1533d9b2f7dd8fa190a8863331e2f8453beea4fe758d6355ae,166,4,4,2,2,0x20045bfa3fb2ef67f663ba8b95a20124a265ae9c25f46a303ee1ac5fc25358fb|0x66437ef224f95c8aff37f0292a5bf1febbb1eb1a792d0f948fad1268c3c1039a|0xccd008ee496378122710cf37ce2b43ab8dea987d6b21a1cc68f0d362493f49ad|0x630b5fb5a0a3df1533d9b2f7dd8fa190a8863331e2f8453beea4fe758d6355ae,0x66437ef224f95c8aff37f0292a5bf1febbb1eb1a792d0f948fad1268c3c1039a|0x630b5fb5a0a3df1533d9b2f7dd8fa190a8863331e2f8453beea4fe758d6355ae,not_checked_birth_only
4/600,0x523bbb74cb0585b5f76b6bea43b5a80686a2906a,78596161,2026-10-02T22:41:01Z,0x51dad17b85119433429f1d51c8f372fe72a7744c3a193e0d797989c927089399,576,8,4,4,2,0xcfc88c71895ae4c3069cdaf1dd952ba3eb5aebd1c51c9643bfb8ba1f9fc109ec|0x42b022a4bc56c2caecce462fb387dc5d5e4f432ebf7fc3d583ea2b52ac8305c9|0x136d8a9fa75d0c8a51a920f87a06d622dc5bef0796add9fb67045d722c957f5f|0xbdb01599000fa833a7354aa2f7a0a7aa006dde6e775f47f9097fc026ff766d58|0x6714eb195a48b5f2035ec4b08ba35de03bf1155333f61c3ca5454500aa69e643|0x4026dcc6b5fe32b9975f690a9dd0d3f15495ea4f7e4094c476056c63c8dbec8f|0x52e4902ed16ff5dce92a5c9dfaa0c18fe474ec7445b8c306247ae1c71d6a4a35|0x51dad17b85119433429f1d51c8f372fe72a7744c3a193e0d797989c927089399,0xcfc88c71895ae4c3069cdaf1dd952ba3eb5aebd1c51c9643bfb8ba1f9fc109ec|0xbdb01599000fa833a7354aa2f7a0a7aa006dde6e775f47f9097fc026ff766d58|0x4026dcc6b5fe32b9975f690a9dd0d3f15495ea4f7e4094c476056c63c8dbec8f|0x51dad17b85119433429f1d51c8f372fe72a7744c3a193e0d797989c927089399,not_checked_birth_only
4/600,0x14a64d6f3db9900be9c554d0961f539a16f43f9c,78605929,2026-10-02T22:57:23Z,0x1cdf06dc36bf5c6094d60a658c389df20def5e44350c0c9e76b186322739985e,288,4,4,1,1,0x3fe3d7254b2ad2858b9045d667eb21a399814416642a5f619427ef6396b19143|0xcbeee69af7873c792c3ea0e1168072d9e430837d12b112b05d96cb8d955f339d|0xc7fc6b89f5b1848bf8150cf915ad8ccac1d8d82e0f0730ce7f293ebcdd6692f5|0x1cdf06dc36bf5c6094d60a658c389df20def5e44350c0c9e76b186322739985e,0x1cdf06dc36bf5c6094d60a658c389df20def5e44350c0c9e76b186322739985e,not_checked_birth_only
4/600,0x316fa3ab9a8fd8d7567a823dedecf28d9fee2894,78608829,2026-10-02T23:02:14Z,0xd6b8458c68f57f779835591c64761c9c7547fa9fbee4b83d39388a6f871d87c8,120,4,4,1,1,0x5d8ff9706c4c4dead1cf8f05805197d38d25c8c54a7e128a755cf6a65cefca98|0x7e2c369c6520de74ca0d4fd8d538c0ba93961f39d50f72cbb2fd5118bc90c70e|0xca9f487f26c9d54afadb063b90cab523d2c0c22eb5c83f3bd36ebb63a3969310|0xd6b8458c68f57f779835591c64761c9c7547fa9fbee4b83d39388a6f871d87c8,0x7e2c369c6520de74ca0d4fd8d538c0ba93961f39d50f72cbb2fd5118bc90c70e,not_checked_birth_only
4/600,0x2054031be916c1ecdac3894f37456421fd1c920c,78655239,2026-10-03T00:20:09Z,0xdac3af0c3cc1e96a935ae505de55f9384fd9ba5f5e63703bcb3c2ab613896872,344,4,4,1,1,0x1339038d92d581acd1da051e0ff2d3e827872d860d2bf6d81fb91557438bcdd0|0xdc33c6fe84297c86ea837b7376ce56c4aa016dfe042963afd73f3a59036479c2|0xa03880026b26e7c9c1c0b28d5a630a07e40317bbc38594757cedebd21a464346|0xdac3af0c3cc1e96a935ae505de55f9384fd9ba5f5e63703bcb3c2ab613896872,0xdac3af0c3cc1e96a935ae505de55f9384fd9ba5f5e63703bcb3c2ab613896872,not_checked_birth_only
4/600,0xd7855d7459ef3d902cfad6128c7afcacd6a0da06,78660476,2026-10-03T00:28:57Z,0xebb77473464c87d160b440c99f56b1f193c2635bd30b154684f6dd314a937408,580,5,4,2,1,0xb387b7a6235dc6c5773ad892b876283e5769ffec215c5c0c1006b498dcce00d2|0x6eb0fce86526a034d96b9335af6dccac2301ec1fc094c4245b67474bef67a141|0x54f50482ea46a6d28a9a16a22dcd65542ad3eda5165aa4717b36db9db6cb6ecb|0xf3560e6a648b45b60b408852248529a641115e8142fb72bfe21e953044e40cac|0xebb77473464c87d160b440c99f56b1f193c2635bd30b154684f6dd314a937408,0xb387b7a6235dc6c5773ad892b876283e5769ffec215c5c0c1006b498dcce00d2|0x6eb0fce86526a034d96b9335af6dccac2301ec1fc094c4245b67474bef67a141,not_checked_birth_only
4/600,0xd79a17a73f1c38a3eab7c943de6051f824fc4d8e,78688146,2026-10-03T01:15:34Z,0x6bd63e335065510d2f8c8139d97ef1ab6ff70128244d74e116cca10024c58055,499,4,4,1,1,0x89c00421c3a8f1353def4c68de94be371a81099806f0094f36ca2481aa250f84|0x7b61d922e46111f2e2ef0a701953841746afd35f162278cbd3e4badb2c01857b|0xdff90a12fb890e648f38308f7e415ae086c715114886decc36f53c36561e1a3a|0x6bd63e335065510d2f8c8139d97ef1ab6ff70128244d74e116cca10024c58055,0xdff90a12fb890e648f38308f7e415ae086c715114886decc36f53c36561e1a3a,not_checked_birth_only
4/600,0x6c7c3113bfa9eef3e716a4912d9b0dc47aefe796,78699494,2026-10-03T01:34:38Z,0xb1eaeb6974cee0f01d5b8df747ab7b8ebe34d871fbe7dc0e4e8b5aa8332e8d5b,158,4,4,0,0,0xbae90bf0271cd9e1a74b5b9c2bf3ad02bd24da60abf9c5b016ebc079a6aa5b2e|0x46f9254ead25faef32d53158b9a4a4e1ab3a286504e428e5fbc6abd68eade049|0xb5f212fc574066701412f473777bf1bd947748c4a988973f5d6d14dc75d39583|0xb1eaeb6974cee0f01d5b8df747ab7b8ebe34d871fbe7dc0e4e8b5aa8332e8d5b,,not_checked_birth_only
5/300,0x8f86a15ec17cb3369d8b3e666dadbc11daa82b79,77979653,2026-10-02T05:24:13Z,0xdd48d254b9716e6400b461947495689c06076303f6c3cc2d9fb0d0bd95b5e5e7,0,10,10,10,10,0x0703e1e3c863e9f0d5bf856c135e0ac1ef9057337cbff02509ee346a18c9e8a3|0x0e2b774c9e8afc55edbac7bcade9ac3b95cb177ba0528982d8f9862831203b47|0xd0c090088917c2ebf5fd85ee45242318b261952aea9c470db90c152420befc4e|0xab0575c0b1679bad16e51478e23314fbb644ff833a7c425c946550fd2c2160a2|0xdd48d254b9716e6400b461947495689c06076303f6c3cc2d9fb0d0bd95b5e5e7|0xf49412078473c8e0abfd844113f2e9703987f059389d53beee35f970afa0dfcc|0xe6b907651399589cf3ed2f6bb3dd05de2dcaebac5d950630c2bd1432368aef88|0x9ce7392a4c64de376271a0be327ec36949c02c12957235e69a58c255c735950e|0x15fb50dd1b1d7c610edb7c90e736de668c9336250dfb92b696fb49406e89daf3|0xb2ceaa6687218c20c77376ecafc05064f83d022506fa9b5acb475a91e7b33803,0x0703e1e3c863e9f0d5bf856c135e0ac1ef9057337cbff02509ee346a18c9e8a3|0x0e2b774c9e8afc55edbac7bcade9ac3b95cb177ba0528982d8f9862831203b47|0xd0c090088917c2ebf5fd85ee45242318b261952aea9c470db90c152420befc4e|0xab0575c0b1679bad16e51478e23314fbb644ff833a7c425c946550fd2c2160a2|0xdd48d254b9716e6400b461947495689c06076303f6c3cc2d9fb0d0bd95b5e5e7|0xf49412078473c8e0abfd844113f2e9703987f059389d53beee35f970afa0dfcc|0xe6b907651399589cf3ed2f6bb3dd05de2dcaebac5d950630c2bd1432368aef88|0x9ce7392a4c64de376271a0be327ec36949c02c12957235e69a58c255c735950e|0x15fb50dd1b1d7c610edb7c90e736de668c9336250dfb92b696fb49406e89daf3|0xb2ceaa6687218c20c77376ecafc05064f83d022506fa9b5acb475a91e7b33803,not_checked_birth_only
5/300,0x4da3916d3ae6feece32ec8a2c4856d4abeb41bfd,78368244,2026-10-02T16:18:26Z,0x2990fa51c24277c1ec301a85482051e36247e402c745fb3809c810d45950b24c,144,5,5,5,5,0x8dfe44aad78e08ad8c051e8a5f7af59e9fb5cf7b6a56e9ad8efbdfc6199be3b1|0xf1b76ce1940492c60cd8748af63645d846afa79ad425a262c1b77fdca2664f25|0x025c19b76442759fb5c2dfdaf4f6fb1381feff8a512ffa0c2d5f5bb28fc541e1|0x207a4c806404f97766acc2a3e56faeb88d3540d8e75ef921bd929d4b8fecdaec|0x2990fa51c24277c1ec301a85482051e36247e402c745fb3809c810d45950b24c,0x8dfe44aad78e08ad8c051e8a5f7af59e9fb5cf7b6a56e9ad8efbdfc6199be3b1|0xf1b76ce1940492c60cd8748af63645d846afa79ad425a262c1b77fdca2664f25|0x025c19b76442759fb5c2dfdaf4f6fb1381feff8a512ffa0c2d5f5bb28fc541e1|0x207a4c806404f97766acc2a3e56faeb88d3540d8e75ef921bd929d4b8fecdaec|0x2990fa51c24277c1ec301a85482051e36247e402c745fb3809c810d45950b24c,not_checked_birth_only
5/300,0x14a64d6f3db9900be9c554d0961f539a16f43f9c,78606353,2026-10-02T22:58:06Z,0xd08ff381b427e9d8233e47ea2572593ef0d0de3a736cbcfdb3c54f537ee7ece0,93,6,5,2,2,0x3fe3d7254b2ad2858b9045d667eb21a399814416642a5f619427ef6396b19143|0xcbeee69af7873c792c3ea0e1168072d9e430837d12b112b05d96cb8d955f339d|0xc7fc6b89f5b1848bf8150cf915ad8ccac1d8d82e0f0730ce7f293ebcdd6692f5|0x1cdf06dc36bf5c6094d60a658c389df20def5e44350c0c9e76b186322739985e|0x37514da1dd30949efee7d99cb039c734c426483a5db9e6e735b34fc95bb93f6f|0xd08ff381b427e9d8233e47ea2572593ef0d0de3a736cbcfdb3c54f537ee7ece0,0x1cdf06dc36bf5c6094d60a658c389df20def5e44350c0c9e76b186322739985e|0x37514da1dd30949efee7d99cb039c734c426483a5db9e6e735b34fc95bb93f6f,not_checked_birth_only
5/300,0x316fa3ab9a8fd8d7567a823dedecf28d9fee2894,78609226,2026-10-02T23:02:54Z,0x491c5203e6aa35f345d391a6bdc8e9943331ddd209dc8bcc87a7aa09e0b882a6,160,5,5,1,1,0x5d8ff9706c4c4dead1cf8f05805197d38d25c8c54a7e128a755cf6a65cefca98|0x7e2c369c6520de74ca0d4fd8d538c0ba93961f39d50f72cbb2fd5118bc90c70e|0xca9f487f26c9d54afadb063b90cab523d2c0c22eb5c83f3bd36ebb63a3969310|0xd6b8458c68f57f779835591c64761c9c7547fa9fbee4b83d39388a6f871d87c8|0x491c5203e6aa35f345d391a6bdc8e9943331ddd209dc8bcc87a7aa09e0b882a6,0x7e2c369c6520de74ca0d4fd8d538c0ba93961f39d50f72cbb2fd5118bc90c70e,not_checked_birth_only
5/300,0x6c7c3113bfa9eef3e716a4912d9b0dc47aefe796,78699538,2026-10-03T01:34:43Z,0xd16f1c4bf194b276f3f8315e04163b3d6d12babbd7b094cf70bbefea0f6e98bc,163,5,5,1,1,0xbae90bf0271cd9e1a74b5b9c2bf3ad02bd24da60abf9c5b016ebc079a6aa5b2e|0x46f9254ead25faef32d53158b9a4a4e1ab3a286504e428e5fbc6abd68eade049|0xb5f212fc574066701412f473777bf1bd947748c4a988973f5d6d14dc75d39583|0xb1eaeb6974cee0f01d5b8df747ab7b8ebe34d871fbe7dc0e4e8b5aa8332e8d5b|0xd16f1c4bf194b276f3f8315e04163b3d6d12babbd7b094cf70bbefea0f6e98bc,0xd16f1c4bf194b276f3f8315e04163b3d6d12babbd7b094cf70bbefea0f6e98bc,not_checked_birth_only
5/600,0x8f86a15ec17cb3369d8b3e666dadbc11daa82b79,77979653,2026-10-02T05:24:13Z,0xdd48d254b9716e6400b461947495689c06076303f6c3cc2d9fb0d0bd95b5e5e7,0,10,10,10,10,0x0703e1e3c863e9f0d5bf856c135e0ac1ef9057337cbff02509ee346a18c9e8a3|0x0e2b774c9e8afc55edbac7bcade9ac3b95cb177ba0528982d8f9862831203b47|0xd0c090088917c2ebf5fd85ee45242318b261952aea9c470db90c152420befc4e|0xab0575c0b1679bad16e51478e23314fbb644ff833a7c425c946550fd2c2160a2|0xdd48d254b9716e6400b461947495689c06076303f6c3cc2d9fb0d0bd95b5e5e7|0xf49412078473c8e0abfd844113f2e9703987f059389d53beee35f970afa0dfcc|0xe6b907651399589cf3ed2f6bb3dd05de2dcaebac5d950630c2bd1432368aef88|0x9ce7392a4c64de376271a0be327ec36949c02c12957235e69a58c255c735950e|0x15fb50dd1b1d7c610edb7c90e736de668c9336250dfb92b696fb49406e89daf3|0xb2ceaa6687218c20c77376ecafc05064f83d022506fa9b5acb475a91e7b33803,0x0703e1e3c863e9f0d5bf856c135e0ac1ef9057337cbff02509ee346a18c9e8a3|0x0e2b774c9e8afc55edbac7bcade9ac3b95cb177ba0528982d8f9862831203b47|0xd0c090088917c2ebf5fd85ee45242318b261952aea9c470db90c152420befc4e|0xab0575c0b1679bad16e51478e23314fbb644ff833a7c425c946550fd2c2160a2|0xdd48d254b9716e6400b461947495689c06076303f6c3cc2d9fb0d0bd95b5e5e7|0xf49412078473c8e0abfd844113f2e9703987f059389d53beee35f970afa0dfcc|0xe6b907651399589cf3ed2f6bb3dd05de2dcaebac5d950630c2bd1432368aef88|0x9ce7392a4c64de376271a0be327ec36949c02c12957235e69a58c255c735950e|0x15fb50dd1b1d7c610edb7c90e736de668c9336250dfb92b696fb49406e89daf3|0xb2ceaa6687218c20c77376ecafc05064f83d022506fa9b5acb475a91e7b33803,not_checked_birth_only
5/600,0xafdc93ae51e4d9640534f4e44789561c182cdab9,78044599,2026-10-02T07:14:07Z,0xced29f2cb8db7d94a355460ca4a837b0b5016335d2a6bb83a624f4a04388b2d3,313,18,5,6,1,0xeea9dcff277b76c95563ee0b0c54fd013338c02cd1fe05450828dbee74b6c400|0x86aff9baebf0e65fde953c441f2ebfe7437c4fd8ab6ea70b53952fdf657d7328|0x7b64847eb04fa780bd86ac0fb3276beb5c8aa4e2b408d46350ba03aeb9edc842|0xa0606c84031a03f5493cd192eb667f6e0a4eb9db11579270295d3521b0dfd5cb|0x546662658cb01dc6099d1f391eb06cf019b65b8674ec7e9f1b431f53c6902d57|0xaac390a3de079d2d918090cd81e2bc92ed9430593b5b4658bbec187c94c0942c|0xa8eaf75b75b0c549e8c216db0e04b04bb3860d9db1d945d4804666e5d7892b34|0xca0991c4be7926f78b69443f92dd8a614bc4b0808e2f53c41a97c5387e26c29b|0xd07c94f60bf455d23cb68541448297998008861fd475a5eeccba79cf55ec6331|0xc2a5cc4b25b4ab616667e328410023d4d689208546cf2e12ab4abf905a51a7eb|0xc76ae93605e9e11c4bfdf641a0c025ff529b263023b43ba4ca4b686fda181a26|0xeb2801e27458ce9e94475b01caca6cd5dacb1d773c06e3c8d44eb311d735862a|0x37fa29699065813793cf91f1a300a5f981acd4ba8ca32564d2dfb83f42ca0fe2|0xe2a23c07e5f7b72396969250dcc6bdad8fe2cdd62fbe42946cb65c3725fd780d|0x00fce1327a90a4c1e616e6dcd61423f2c387b9c25ebc8a888de3a54bce8d2205|0x638717d7ab236ce729424ba776967eb8873108154baef506ebcb75b4a68a6953|0xf959a7963181ff996939d820e381a46509d0c9248350ea174f558e3599cad08c|0xced29f2cb8db7d94a355460ca4a837b0b5016335d2a6bb83a624f4a04388b2d3,0xa0606c84031a03f5493cd192eb667f6e0a4eb9db11579270295d3521b0dfd5cb|0xa8eaf75b75b0c549e8c216db0e04b04bb3860d9db1d945d4804666e5d7892b34|0xca0991c4be7926f78b69443f92dd8a614bc4b0808e2f53c41a97c5387e26c29b|0xc2a5cc4b25b4ab616667e328410023d4d689208546cf2e12ab4abf905a51a7eb|0xeb2801e27458ce9e94475b01caca6cd5dacb1d773c06e3c8d44eb311d735862a|0xe2a23c07e5f7b72396969250dcc6bdad8fe2cdd62fbe42946cb65c3725fd780d,not_checked_birth_only
5/600,0xb3d190087e16b8d49c906a27ee398bfe0f94338c,78116277,2026-10-02T09:15:12Z,0xd05892297cda00f26fca064926b447be452f53ea863566b47317823ce65a2a8a,532,5,5,1,1,0xd2256c8d98f6c8c3850ab944919afebdbc262e5354ac45452acb6839db016e3a|0x7a6ec64dd2769a138759946b6da3c3bc397b471525b3c0ea7f081d5d56582197|0x1ec2947abca55d4e51892579f5755d0d8e15a805cdcb639633c964449b7fe95d|0x12458812a234a76a2f8bc5634151c488edf16eff42de4dbda83ff6a9d5f1e007|0xd05892297cda00f26fca064926b447be452f53ea863566b47317823ce65a2a8a,0xd05892297cda00f26fca064926b447be452f53ea863566b47317823ce65a2a8a,not_checked_birth_only
5/600,0xa4ddf89a40a35264e9d7f896a1ef01c59b1e977a,78279655,2026-10-02T13:50:03Z,0xf49aa8eb9efcb08a119a79987bedfc680e1ccfe36fe20547c9457324a0814133,591,15,5,15,5,0xaaf30df97d30ff5ec808550ba54bbe142183976278d8d678c3adc59da751c9a1|0x881abcd9e7ca0a349342a5376ae8afa2f5b7b9bba0d643c0480eef9b6b17b030|0xe3f05a26d580390cbe8fd4182910b9ae2f356e0a2446a9cb96f8312ba1b93dc7|0x132c9dfa976c67dd1383494d2120ccc2a01a220e6257533c4e22f69367363429|0xafc19498a609a8231df6db5b75a8a50e123d02bf47b3d1fa0ee45121ab52e2d9|0x5a4ee7dead6f689ce839da746c79940df7d999d4323324a27e4899729c2ff65c|0x7aa27ae98f589cb64aa2811f61ec72ee0b8070b2feb6b746c92b90eadfb4bd56|0xd5ca5b31e6132a2d6c825894efde6a500def71676cc94f7c982e3d7a61b78a4a|0x6cae02d1be157327246ed1eb4968900d4e25c5bb91212043af2b1d62a0160d3d|0x547769e2b0adaadf223614ed322490757f4cec7c7e819eef5cd7d7a5cd8ee210|0x9150cd21d25e97d83ff11a96d99430317724ce7125513f0505ea0ab35513bfb1|0x59e9927383bc2dde324836581b2594d058edba6d196ab7f44522a2284259ae1b|0xa9db3d550b138c26b12ffe450fe9f7c2223273e8a7eedb76f55dacca3c5cb7bb|0xfdbc1a124e9367e5bb6fb8b3ef24813a524ee5dbe63e9a877bafbbfb5a85bee8|0xf49aa8eb9efcb08a119a79987bedfc680e1ccfe36fe20547c9457324a0814133,0xaaf30df97d30ff5ec808550ba54bbe142183976278d8d678c3adc59da751c9a1|0x881abcd9e7ca0a349342a5376ae8afa2f5b7b9bba0d643c0480eef9b6b17b030|0xe3f05a26d580390cbe8fd4182910b9ae2f356e0a2446a9cb96f8312ba1b93dc7|0x132c9dfa976c67dd1383494d2120ccc2a01a220e6257533c4e22f69367363429|0xafc19498a609a8231df6db5b75a8a50e123d02bf47b3d1fa0ee45121ab52e2d9|0x5a4ee7dead6f689ce839da746c79940df7d999d4323324a27e4899729c2ff65c|0x7aa27ae98f589cb64aa2811f61ec72ee0b8070b2feb6b746c92b90eadfb4bd56|0xd5ca5b31e6132a2d6c825894efde6a500def71676cc94f7c982e3d7a61b78a4a|0x6cae02d1be157327246ed1eb4968900d4e25c5bb91212043af2b1d62a0160d3d|0x547769e2b0adaadf223614ed322490757f4cec7c7e819eef5cd7d7a5cd8ee210|0x9150cd21d25e97d83ff11a96d99430317724ce7125513f0505ea0ab35513bfb1|0x59e9927383bc2dde324836581b2594d058edba6d196ab7f44522a2284259ae1b|0xa9db3d550b138c26b12ffe450fe9f7c2223273e8a7eedb76f55dacca3c5cb7bb|0xfdbc1a124e9367e5bb6fb8b3ef24813a524ee5dbe63e9a877bafbbfb5a85bee8|0xf49aa8eb9efcb08a119a79987bedfc680e1ccfe36fe20547c9457324a0814133,not_checked_birth_only
5/600,0x7bc5a81458453de233ee3204169e053767deb3ca,78339102,2026-10-02T15:29:36Z,0x9078ea5f49c8f809107470edf9118f9ebde6428348bf44a4f805939dd2eb7025,366,8,5,5,4,0x608746bba9dea50501ba3bf92daaff401e9b00dc314e40bd4199f9de0e4a7375|0xd4dcf272a668de96aa0f91fc2752d84a331f623530950fb99cfa76e890614883|0x15119a6c89a22553089b87f23444562910d87c33b2dc53a78aad0fd969dc30be|0xd57f8eb41b800386845b04f1623eeab3c0a9736896209c9d5897a03d2796de90|0xcf02c11c3d94009f4d8f30c7e43a626d50c930db02d4a07ee41e0af90b58851f|0x0a7306c0a5e867fa27022cec56e882401813ae3939f496c7b00131563558afc5|0xfd28b2ff92418a8d3bb7ed5902cfcf4feb495813604d6e9f71232206b9db4128|0x9078ea5f49c8f809107470edf9118f9ebde6428348bf44a4f805939dd2eb7025,0x15119a6c89a22553089b87f23444562910d87c33b2dc53a78aad0fd969dc30be|0xd57f8eb41b800386845b04f1623eeab3c0a9736896209c9d5897a03d2796de90|0x0a7306c0a5e867fa27022cec56e882401813ae3939f496c7b00131563558afc5|0xfd28b2ff92418a8d3bb7ed5902cfcf4feb495813604d6e9f71232206b9db4128|0x9078ea5f49c8f809107470edf9118f9ebde6428348bf44a4f805939dd2eb7025,not_checked_birth_only
5/600,0xd5305d850c6a00aabdf8e44b8bbe57fb884b739c,78349731,2026-10-02T15:47:23Z,0xdf5cb769915e3874b263058e4433f948bc92123763eace6878ab22e1c40cdfd3,422,5,5,0,0,0x2ab6895690adae74effe06615a724c1318b95b6e5a9115baaa009f29bb15595a|0x970bca928552372a2f7e6be293b89bf494c17e81a7a74996c1df1aaafe2740a1|0x050268fdff9e294dd3d143b52594e7b34dd6814c60fc9a80f95a1fd693418a07|0xaaea57000bda14bc17fcb04bea86b6e4531c1d077ff83cbfddf506b343472150|0xdf5cb769915e3874b263058e4433f948bc92123763eace6878ab22e1c40cdfd3,,not_checked_birth_only
5/600,0x4da3916d3ae6feece32ec8a2c4856d4abeb41bfd,78368244,2026-10-02T16:18:26Z,0x2990fa51c24277c1ec301a85482051e36247e402c745fb3809c810d45950b24c,144,5,5,5,5,0x8dfe44aad78e08ad8c051e8a5f7af59e9fb5cf7b6a56e9ad8efbdfc6199be3b1|0xf1b76ce1940492c60cd8748af63645d846afa79ad425a262c1b77fdca2664f25|0x025c19b76442759fb5c2dfdaf4f6fb1381feff8a512ffa0c2d5f5bb28fc541e1|0x207a4c806404f97766acc2a3e56faeb88d3540d8e75ef921bd929d4b8fecdaec|0x2990fa51c24277c1ec301a85482051e36247e402c745fb3809c810d45950b24c,0x8dfe44aad78e08ad8c051e8a5f7af59e9fb5cf7b6a56e9ad8efbdfc6199be3b1|0xf1b76ce1940492c60cd8748af63645d846afa79ad425a262c1b77fdca2664f25|0x025c19b76442759fb5c2dfdaf4f6fb1381feff8a512ffa0c2d5f5bb28fc541e1|0x207a4c806404f97766acc2a3e56faeb88d3540d8e75ef921bd929d4b8fecdaec|0x2990fa51c24277c1ec301a85482051e36247e402c745fb3809c810d45950b24c,not_checked_birth_only
5/600,0x7aad7e1e9835f12a53673e1f97662bbca9aedb23,78382038,2026-10-02T16:41:34Z,0x90056ed40b8ab6a7533f88630662eb9c66bebae1f8afcf6ed8e0c82d6ab95d3b,354,5,5,0,0,0x8aaa99f212acc53ec4aaf7b673d1c3e889cf50f313662a943d8c339a9e8c2eef|0x3f9d50670ed1c8e20fa2af306e5e98e53691af71f47c33114aaf3461bf24fa7b|0xefecd906168e4aee53d8d25dd0fde3983eb38604582924accd35a2ca4c67b851|0x2b5f19aeaf5f05e1c447731d65984b4c2ad4bea579fee3eee16d1d516f2956b3|0x90056ed40b8ab6a7533f88630662eb9c66bebae1f8afcf6ed8e0c82d6ab95d3b,,not_checked_birth_only
5/600,0xbf3d0afa7417c336bbba6acaecafbc38b918e4cb,78578324,2026-10-02T22:11:11Z,0x8d652ce53a11ad3d445fa901a26f2049132c6dfd336dce9381898a514e7eca84,555,5,5,2,2,0x7771cc8042213cfe86621c3675d7928a161afbd49bccb2239e0066fab249a3a2|0x67f69977eec61b10ce992e7805e8a2ba72876ffbf6e2126f66e37e608368051f|0x1c62ca032a441f6d85cb34ccbb9ce9a77f3df076e55474a7abcad1e9ae483db2|0xc974b7b1633594640ef8afc5d5cdccfb572a3b679c2db311dbbfc25d7745cf33|0x8d652ce53a11ad3d445fa901a26f2049132c6dfd336dce9381898a514e7eca84,0x67f69977eec61b10ce992e7805e8a2ba72876ffbf6e2126f66e37e608368051f|0x8d652ce53a11ad3d445fa901a26f2049132c6dfd336dce9381898a514e7eca84,not_checked_birth_only
5/600,0x14a64d6f3db9900be9c554d0961f539a16f43f9c,78606133,2026-10-02T22:57:44Z,0x37514da1dd30949efee7d99cb039c734c426483a5db9e6e735b34fc95bb93f6f,309,5,5,2,2,0x3fe3d7254b2ad2858b9045d667eb21a399814416642a5f619427ef6396b19143|0xcbeee69af7873c792c3ea0e1168072d9e430837d12b112b05d96cb8d955f339d|0xc7fc6b89f5b1848bf8150cf915ad8ccac1d8d82e0f0730ce7f293ebcdd6692f5|0x1cdf06dc36bf5c6094d60a658c389df20def5e44350c0c9e76b186322739985e|0x37514da1dd30949efee7d99cb039c734c426483a5db9e6e735b34fc95bb93f6f,0x1cdf06dc36bf5c6094d60a658c389df20def5e44350c0c9e76b186322739985e|0x37514da1dd30949efee7d99cb039c734c426483a5db9e6e735b34fc95bb93f6f,not_checked_birth_only
5/600,0x316fa3ab9a8fd8d7567a823dedecf28d9fee2894,78609226,2026-10-02T23:02:54Z,0x491c5203e6aa35f345d391a6bdc8e9943331ddd209dc8bcc87a7aa09e0b882a6,160,5,5,1,1,0x5d8ff9706c4c4dead1cf8f05805197d38d25c8c54a7e128a755cf6a65cefca98|0x7e2c369c6520de74ca0d4fd8d538c0ba93961f39d50f72cbb2fd5118bc90c70e|0xca9f487f26c9d54afadb063b90cab523d2c0c22eb5c83f3bd36ebb63a3969310|0xd6b8458c68f57f779835591c64761c9c7547fa9fbee4b83d39388a6f871d87c8|0x491c5203e6aa35f345d391a6bdc8e9943331ddd209dc8bcc87a7aa09e0b882a6,0x7e2c369c6520de74ca0d4fd8d538c0ba93961f39d50f72cbb2fd5118bc90c70e,not_checked_birth_only
5/600,0x2054031be916c1ecdac3894f37456421fd1c920c,78656115,2026-10-03T00:21:37Z,0x048956e8eab9abcb4a5ec72f27483cd40a56e1e84fca4a0c042e35c91220501a,432,5,5,1,1,0x1339038d92d581acd1da051e0ff2d3e827872d860d2bf6d81fb91557438bcdd0|0xdc33c6fe84297c86ea837b7376ce56c4aa016dfe042963afd73f3a59036479c2|0xa03880026b26e7c9c1c0b28d5a630a07e40317bbc38594757cedebd21a464346|0xdac3af0c3cc1e96a935ae505de55f9384fd9ba5f5e63703bcb3c2ab613896872|0x048956e8eab9abcb4a5ec72f27483cd40a56e1e84fca4a0c042e35c91220501a,0xdac3af0c3cc1e96a935ae505de55f9384fd9ba5f5e63703bcb3c2ab613896872,not_checked_birth_only
5/600,0x523bbb74cb0585b5f76b6bea43b5a80686a2906a,78663076,2026-10-03T00:33:18Z,0xdb3126128af3ddfb77a4afbe28572ce85882e70683fb4ddbeff0afa3181c8bcd,567,19,5,9,2,0xcfc88c71895ae4c3069cdaf1dd952ba3eb5aebd1c51c9643bfb8ba1f9fc109ec|0x42b022a4bc56c2caecce462fb387dc5d5e4f432ebf7fc3d583ea2b52ac8305c9|0x136d8a9fa75d0c8a51a920f87a06d622dc5bef0796add9fb67045d722c957f5f|0xbdb01599000fa833a7354aa2f7a0a7aa006dde6e775f47f9097fc026ff766d58|0x6714eb195a48b5f2035ec4b08ba35de03bf1155333f61c3ca5454500aa69e643|0x4026dcc6b5fe32b9975f690a9dd0d3f15495ea4f7e4094c476056c63c8dbec8f|0x52e4902ed16ff5dce92a5c9dfaa0c18fe474ec7445b8c306247ae1c71d6a4a35|0x51dad17b85119433429f1d51c8f372fe72a7744c3a193e0d797989c927089399|0xa5978aa982aef0f47a251782c7699f939c2adb986376a5417de0ac94a050a7a3|0xe3f7c7cdba1da3ec50744ec5fd82efc08e692999d60a4199c6759e69d6f9cb74|0x734258471bc6425f40416a8c0e480aa22d2985f99ce131aebd184be08cd8c02a|0x54531f8f9f2040fb1536b4f5bce4c4e5692acd158dbf9164f4c58e3dfef93143|0x15885b5f66c02b909d31981d7bed67e7a493519c8b55f21199df646f646b84c4|0xfd6523b194a6473699039d852eb122dcafbaa0380866be910bcbd401e5a2da95|0x88e6355bfe935742a74708d5b34919202c708beb739eca1bfa23a9a1b563568b|0xc974ffcfcc362d0731cf6b90d8301b5e915b4898ca3818aa018cbfd35a99c725|0x41f69ef480d72c95d9db87504ca16859b1adad2415fd4f98094d5464a7ab4c15|0x74fb38595a2c5aed06dcd0f425751c2043437581779c1bde0dfd4a5aa26f04f3|0xdb3126128af3ddfb77a4afbe28572ce85882e70683fb4ddbeff0afa3181c8bcd,0xcfc88c71895ae4c3069cdaf1dd952ba3eb5aebd1c51c9643bfb8ba1f9fc109ec|0xbdb01599000fa833a7354aa2f7a0a7aa006dde6e775f47f9097fc026ff766d58|0x4026dcc6b5fe32b9975f690a9dd0d3f15495ea4f7e4094c476056c63c8dbec8f|0x51dad17b85119433429f1d51c8f372fe72a7744c3a193e0d797989c927089399|0x734258471bc6425f40416a8c0e480aa22d2985f99ce131aebd184be08cd8c02a|0x54531f8f9f2040fb1536b4f5bce4c4e5692acd158dbf9164f4c58e3dfef93143|0x15885b5f66c02b909d31981d7bed67e7a493519c8b55f21199df646f646b84c4|0x41f69ef480d72c95d9db87504ca16859b1adad2415fd4f98094d5464a7ab4c15|0xdb3126128af3ddfb77a4afbe28572ce85882e70683fb4ddbeff0afa3181c8bcd,not_checked_birth_only
5/600,0x6c7c3113bfa9eef3e716a4912d9b0dc47aefe796,78699538,2026-10-03T01:34:43Z,0xd16f1c4bf194b276f3f8315e04163b3d6d12babbd7b094cf70bbefea0f6e98bc,163,5,5,1,1,0xbae90bf0271cd9e1a74b5b9c2bf3ad02bd24da60abf9c5b016ebc079a6aa5b2e|0x46f9254ead25faef32d53158b9a4a4e1ab3a286504e428e5fbc6abd68eade049|0xb5f212fc574066701412f473777bf1bd947748c4a988973f5d6d14dc75d39583|0xb1eaeb6974cee0f01d5b8df747ab7b8ebe34d871fbe7dc0e4e8b5aa8332e8d5b|0xd16f1c4bf194b276f3f8315e04163b3d6d12babbd7b094cf70bbefea0f6e98bc,0xd16f1c4bf194b276f3f8315e04163b3d6d12babbd7b094cf70bbefea0f6e98bc,not_checked_birth_only
