rule,token,rawEntryBlock,rawEntryTimeUtc,strictFundingStatus,fundedEntryBlock,fundedEntryTimestamp,ponsPoolId,ponsBirthBlock,ponsBirthTimeUtc,ponsQuoteEligible,ponsLaunchDeployer,secondsPonsBeforeRawSignal,secondsPonsBeforeFundedSignal,firstIndependentPositiveFeeZeroHookPoolId,firstIndependentPositiveFeeZeroHookFeePips,secondsFirstIndependentPoolAfterPons
3/300,0x8f86a15ec17cb3369d8b3e666dadbc11daa82b79,77979653,2026-10-02T05:24:13Z,not_scanned_for_strict_funding,,,,,,False,,,,0x0703e1e3c863e9f0d5bf856c135e0ac1ef9057337cbff02509ee346a18c9e8a3,3010,
3/300,0x2c612e2f811f106f1baa1dbc5fbae88f1ac561c7,78003986,2026-10-02T06:05:21Z,not_scanned_for_strict_funding,,,0x11b2092ba8e2640a50e7daef1b26c3a675a24e5dd87c1ebc9072fc97d537b309,78003849,2026-10-02T06:05:07Z,True,0xf9884aa79ac7841b52bba7d62a637aff68424b2e,14,,0x2fa9ce12d1f3e31a26a0d9ab05416c534dd574fd700c1e3086c76c006be27d57,790000,-6
3/300,0xbcd18d1de7041d0a5b3a9413ceaf0876757c9193,78004098,2026-10-02T06:05:33Z,not_scanned_for_strict_funding,,,0x0199a235b30bc63445345de6b9d4870e3c0de0de5b5f303bc901c7344dd7c897,78003897,2026-10-02T06:05:12Z,True,0xeb2ac51173273129b6bdb831e84398d782ddfbbe,21,,0x4529d2dd9572f122484358461151888b763f1cf520917e85beffddc5611962ac,790000,-1812
3/300,0xafdc93ae51e4d9640534f4e44789561c182cdab9,78021150,2026-10-02T06:34:22Z,not_scanned_for_strict_funding,,,,,,False,,,,0xeea9dcff277b76c95563ee0b0c54fd013338c02cd1fe05450828dbee74b6c400,952000,
3/300,0xb3d190087e16b8d49c906a27ee398bfe0f94338c,78113470,2026-10-02T09:10:29Z,not_scanned_for_strict_funding,,,0x4d4fde10ad072e5a3be743b7af1f037d4d36ad578ec44c5ea341111633bce5e7,78113335,2026-10-02T09:10:15Z,True,0x910d5b0287ef9f08cc301109128e83de444663b7,14,,0xd2256c8d98f6c8c3850ab944919afebdbc262e5354ac45452acb6839db016e3a,883131,-235
3/300,0x9e795209be691654fb908ab86b3a651551939e16,78137842,2026-10-02T09:51:28Z,not_scanned_for_strict_funding,,,0x79dbc4def40935c87047a61392c8c0bd21e7cd75c6acc29a29f0300bb09f3df9,78137698,2026-10-02T09:51:13Z,True,0x46a62b133b616570d935e29a138f0c76b734d169,15,,0x76d4010bb8b3ffa76c9f8a033496064f40b6238ec46766e7e04f36e62ce491a4,790000,-140
3/300,0x5c53c1dcc86286d78dd68b5c6bd995eac646338c,78142970,2026-10-02T10:00:04Z,not_scanned_for_strict_funding,,,,,,False,,,,0x69e4a2abdcb18cfc7a4412f1853063fc834e3de08f444169547d171f9610e400,870000,
3/300,0x1e8c635289d9e11c7c3f12f35a6ecb709cf3f88a,78155942,2026-10-02T10:21:55Z,not_scanned_for_strict_funding,,,0xfda9ff617da069761ac92dbadf8d02917bb45764862337dff45bc0180d1f2984,78155763,2026-10-02T10:21:37Z,True,0x67ff9e8e6e5d244c65f1e13fdf43065f30a80bdb,18,,0x8491fcd7ab5faf3ee7fe35d99fbc955efa3f044637a621d05e5e87bbf73f09c6,830000,15
3/300,0x93c9c43bb887958c4caa35c2ea9fc626332cc97c,78170328,2026-10-02T10:46:09Z,not_scanned_for_strict_funding,,,0xcf30ee6155616d200a0dc20f5182bcfa79e3f33a07a3402fd41446e9a865ff02,78170131,2026-10-02T10:45:49Z,True,0x33e2342da25cebcde37d743167b563105e1f106f,20,,0x958081ee004d71af12ec4564dcc16a3deeac7ed2b496c79bd8aba29b55bea99e,830000,17
3/300,0xbe5d432a0b30443987d261b664cc6bb8bccb80d6,78184378,2026-10-02T11:09:52Z,not_scanned_for_strict_funding,,,0x174276dd5d04571ecaf2f9c3fd4014cf72b5b0c9956a79b81f536daf1a3917e1,78184230,2026-10-02T11:09:37Z,True,0x84543fc9377239acf60237033aecfb2b6639dd63,15,,0x3d784105f793b9b884f8cd07e1aadbb5abc3016e3ad3e0d85df52307fe4fdf70,989998,-4317
3/300,0x9c57e13c4105c4f64ab4cb19ace21ec3b91ce635,78204421,2026-10-02T11:43:40Z,not_scanned_for_strict_funding,,,0xb80a99d45a27abc1316b58746ef2acfede1ed903c9b7f6e4a68cb1808dd345c6,78204249,2026-10-02T11:43:22Z,True,0x6ae9fe37f2b02d8e30b6f292c644b36077c9dae1,18,,0x0b9dea3a07e8df2f029d4d674dce2af591ced40258c2dce7c2c6eb99a09a5e31,790000,-11666
3/300,0x285a9ddf53bef60ebcc55f5752724a30ef7b2d17,78218030,2026-10-02T12:06:35Z,not_scanned_for_strict_funding,,,0xf8c76aa9444bf7d790433b27fad9014218547d046b766b35d35eda118dfb9821,78217836,2026-10-02T12:06:15Z,True,0xc28413995cec7eb1765bbd0f71a0b80d19e02052,20,,0x341be9c674b7e7eaa3863cdd9a5a5b1a6f7896272fd555613131f7b73be67eed,820000,17
3/300,0x0d0a2a82f0d3897600902cd08e6a5be1b65f74d1,78242295,2026-10-02T12:47:24Z,not_scanned_for_strict_funding,,,0xbd49513fc5dd7c7d2cf9f09b10682e9e9f602860841a902b037c3034b0b7d41b,78242122,2026-10-02T12:47:07Z,True,0xdae9fa63672d18cb5356db966b73a3ea40c1dbf3,17,,0xbb34d7d6e4b0e91ec8510dc2f806953dbe3c50fe9d675e35a2d69d05f3577f1b,800000,14
3/300,0x6c6aeb4637b2108b9b043913ef518639dc3c4872,78243390,2026-10-02T12:49:14Z,not_scanned_for_strict_funding,,,,,,False,,,,0x5ba97d7c6f29769ab8b13c9c52fb819767db20f04a45d53786fce03697bf397e,883131,
3/300,0x238e40b75ae78a1388a14e517d855893e92e58db,78253420,2026-10-02T13:06:01Z,not_scanned_for_strict_funding,,,,,,False,,,,0x1a5c1eaa1a0dc9f3d710c18a796b3efad98dd9bc437a84f3b80c99a1d0ebf334,55300,
3/300,0xa4ddf89a40a35264e9d7f896a1ef01c59b1e977a,78274963,2026-10-02T13:42:13Z,not_scanned_for_strict_funding,,,,,,False,,,,0xaaf30df97d30ff5ec808550ba54bbe142183976278d8d678c3adc59da751c9a1,13000,
3/300,0x6e4f7d7974822c004cb6ee04e21b9b9eb65c6775,78299806,2026-10-02T14:23:47Z,not_scanned_for_strict_funding,,,,,,False,,,,0x3243cd51d79ed57b8b4dbb8975200d88c9052f3dc51338608870e66ee24203d9,890000,
3/300,0x7bc5a81458453de233ee3204169e053767deb3ca,78326795,2026-10-02T15:08:58Z,not_scanned_for_strict_funding,,,0xdf68905af5191f76566aec3d18d2003e9df1f7524c50b66204afcfd650f5c881,78326613,2026-10-02T15:08:40Z,True,0xc254f8516c17706fd34736c5756cd8f04e4cea5d,18,,0x608746bba9dea50501ba3bf92daaff401e9b00dc314e40bd4199f9de0e4a7375,860000,15
3/300,0x4c2eb3c6af30fafdff09ef368e8db3b2a8e3cff5,78343795,2026-10-02T15:37:28Z,not_scanned_for_strict_funding,,,0xfe30d38e6e9fad9030cd6d9de35edb82766fe4f4a437446cb0be30e1e5678636,78343795,2026-10-02T15:37:28Z,True,0xd7de57aa7c41519498ecb6efee00c301b74ce5e5,0,,0xc3e87e728983d3db164d5da19feb050293c11a7f37d6a311e73c30f57629585e,790000,-269
3/300,0x647d23868453a33e8116368264cf856022b28954,78349129,2026-10-02T15:46:23Z,not_scanned_for_strict_funding,,,,,,False,,,,0x3ff1ad3796f7763fd68ba3e0e7ae21e8987e0278da2bf96472d1a3fc5531f18f,701000,
3/300,0x270245d8babaecfaa8431686d664445065c0aba3,78349548,2026-10-02T15:47:05Z,not_scanned_for_strict_funding,,,,,,False,,,,0xf8f9bf3dba4cffad408844fb5d0ad2c0f1df47ee6299c1e25d4a7b25f55dcf92,883131,
3/300,0xd5305d850c6a00aabdf8e44b8bbe57fb884b739c,78349552,2026-10-02T15:47:05Z,not_scanned_for_strict_funding,,,0x7dd56b153d9094281297c9c80ab315e0b38f6bcba243c0a6b2c4ac3233e96d27,78349552,2026-10-02T15:47:05Z,True,0x6492db7e29bb3f7930be8274386f778a2b6eb22b,0,,0x2ab6895690adae74effe06615a724c1318b95b6e5a9115baaa009f29bb15595a,989998,-404
3/300,0x15da2596f4c21227185466066bf0f19d9d526b8a,78352578,2026-10-02T15:52:10Z,not_scanned_for_strict_funding,,,0x50a505074173d50d7d21d45e19d3a94202dfce860273100d1c19008051e9475f,78352401,2026-10-02T15:51:52Z,True,0x4f831f5647130b638e436fa0feb7be8243f71b50,18,,0x2680898c78ecd39bbcb19a073e1c82e98a10a0d5be6a997f896b5e275af79a18,989999,-3944
3/300,0x4da3916d3ae6feece32ec8a2c4856d4abeb41bfd,78367421,2026-10-02T16:17:03Z,not_scanned_for_strict_funding,,,,,,False,,,,0x8dfe44aad78e08ad8c051e8a5f7af59e9fb5cf7b6a56e9ad8efbdfc6199be3b1,50000,
3/300,0x7aad7e1e9835f12a53673e1f97662bbca9aedb23,78381854,2026-10-02T16:41:15Z,not_scanned_for_strict_funding,,,0x3a0f33e35018fc18f36232eb00f50aa1fe1d22cecdf720bbc9c959f12f8d87ee,78381854,2026-10-02T16:41:15Z,True,0x968acda0c7f92d6b99e824f5d5d05ac77d517142,0,,0x8aaa99f212acc53ec4aaf7b673d1c3e889cf50f313662a943d8c339a9e8c2eef,989999,-335
3/300,0xcace05716778f86e4feb04bd7a2c2f2c31705f2b,78393811,2026-10-02T17:01:18Z,not_scanned_for_strict_funding,,,,,,False,,,,0x9cd6e12cb0ae57c988a3ae6f8783e4a925a330b6c30b373b50301b0d70ba9438,860000,
3/300,0x1bf14147642d58d47cb2229ce23548bf2a01cfbe,78397874,2026-10-02T17:08:05Z,not_scanned_for_strict_funding,,,0x4a071ef36bbdd44163885d5d4b81f9fda40547567942d05cd8aa0a0740b9ced9,78396724,2026-10-02T17:06:12Z,True,0xd16fe2be6915fc392c23feee3ac1b795e97dfe40,113,,0x238d05629724702aeccdfddc91ec548d9f710c9a96e7f023c55661c0338acf68,850000,110
3/300,0x44b5e3a7561f791073bf1a58b209c7f0e8748295,78398789,2026-10-02T17:09:38Z,not_scanned_for_strict_funding,,,0xcbaa8b3525799d1ee76233b0d9bce0b3bae95eabec3246aec4bd9d6d46a3c107,78398625,2026-10-02T17:09:21Z,True,0x8e1a187ea30aeed7d4ab55369d6e2d83494a16b0,17,,0xcf76a0d43e14666af6b27c874387597b3cea3878fe12b555cb3fea653062583e,790000,-6134
3/300,0x3aa0ce359da22665ea478817a2f8c53dff802dea,78409281,2026-10-02T17:27:13Z,not_scanned_for_strict_funding,,,0x4e330b4152e02b6c2c31da12e7e797055813c5b318ff6dcd1069ae441af21e04,78409095,2026-10-02T17:26:56Z,True,0xc8503b09859c3c7ce6979c3e0a92e24a313de50e,17,,0xf17074e5c0f56abb8acbba943708b4516a95a703be40c6b1a64df13589516640,989999,-16490
3/300,0x8826ffea474dadb69957c4385d6ad9e9de787915,78434839,2026-10-02T18:10:06Z,not_scanned_for_strict_funding,,,0xf32416e36a317fcd25c6de3dcdd449e6a869be80c69215031cf4287941197a02,78434558,2026-10-02T18:09:38Z,True,0x056f121bf9893f75bbcb8cb3c510b86635744fec,28,,0xfd65ab913f4d764e893873bce41e36e2b46174453fdaec0af2a14a5cf5f47498,989999,-749
3/300,0x007defdb60b9aa23058d268b7f77516a4ad7d3f0,78441240,2026-10-02T18:20:50Z,not_scanned_for_strict_funding,,,0x8d4b2e499ccc13372d2cdfc34dc09ebd4d64647d2867f657908013cbac1f985b,78440945,2026-10-02T18:20:21Z,True,0x4cbc38f9b5a9cf88e34071786ec186f2f8b13612,29,,0xcc05def6d06419ff947cf7e8b65ced42ba00a31e10f5a883a3f1f32defa85d94,989998,-1131
3/300,0x90e8fa19ae1a01431da01c6f80b3bc5cebb19438,78443216,2026-10-02T18:24:10Z,not_scanned_for_strict_funding,,,0x692be52a3e97310dc725467cadb9dbb8aa94e839b00ee2dddf62f7a1e2cc49a7,78442968,2026-10-02T18:23:45Z,True,0x2fefd9f9e135e348a1d3ba64f4950233125f999e,25,,0xe3b8f8d11860c8af9572d5d48edcebe637b8537811fab29a1958d7ea5a894c1c,800000,22
3/300,0x9161cdb8bd4c21375e85c3fe7a5ce74a6ba5da06,78467963,2026-10-02T19:05:52Z,not_scanned_for_strict_funding,,,0x5766d807d63dba10a0e5e61740e8d46abe5429bd86b7d73d9ad99f41a902fe8b,78467837,2026-10-02T19:05:39Z,True,0xbc9f716870769a1d4d8e45f3d2d972d9664a7b6f,13,,0xec128976a7a4ee33e6dc0284707516d513a99e805164ba031738925faa9c9b88,10000,0
3/300,0x02533eb712f3f2925136653b4727e05fa0a7cc49,78472599,2026-10-02T19:13:38Z,not_scanned_for_strict_funding,,,0x6073f60f42a0a89336aa58955b77bc01415666e2a2ab93705c547691211a2375,78472441,2026-10-02T19:13:22Z,True,0x900d0521a706d80f4516e39147d10508fb8b5bea,16,,0x09cb5bec0754dbb1380489b6ee4c77ce69c6d6d90195603e701d919ecbf9ac8f,790000,-143
3/300,0x12d2811c1e6319a4b614529506d69024170bfc43,78474394,2026-10-02T19:16:39Z,not_scanned_for_strict_funding,,,0x8426919b3ef340ba74ea66cb1718eb07873d0ccb50d4484d556c57c714cbf3b5,78473939,2026-10-02T19:15:54Z,True,0xf887c5741aea0202de1144bdada4ca70901398ca,45,,0xa29219cec89bf237803811ddf7954af2c66a67f9c589584df9abddbaa50ff352,850000,43
3/300,0xe07119cdd031e8a2043c3c9c4f9c56f34e54a81e,78481039,2026-10-02T19:27:49Z,not_scanned_for_strict_funding,,,0x2868c9fe4c1efc66c8296d6b019abe05b2ec5e0234383c1ca10efa38d162126d,78481039,2026-10-02T19:27:49Z,True,0x5cd2d6be0612c381ed14b1217324786a380d52c1,0,,0x549845a0d20e209be4d8155e61d76b7030a0e02a4c9f6eb8d4fc66acfe01f88f,790000,-285
3/300,0xabb8072260759e80e0adca24c95ffb1c5875de4c,78512862,2026-10-02T20:21:15Z,not_scanned_for_strict_funding,,,,,,False,,,,0x9c6840af29a60af36e21758bb837527f8fee3b868e053f4a58077d1f22d86b97,790000,
3/300,0x1ef76f3be476e47bf26032ff4a9e26b6ea7edbd2,78551266,2026-10-02T21:25:53Z,not_scanned_for_strict_funding,,,0x9f0ed3aff67d2605b9f4eba893828d0185ba5aa3f5acef7cbbf46734e04f3209,78549865,2026-10-02T21:23:32Z,True,0x039259e58a78e4929b6d7e6e51eabe4f2b240be5,141,,0x2abd6b4cb9785e3e893b2b06ffe9d6032626514886160db4fc0318f578eb1051,774440,99
3/300,0x5c7699be7dae0b0393d4a562a46c97f202b5dae4,78563394,2026-10-02T21:46:11Z,not_scanned_for_strict_funding,,,0xf8e82e24f26900f9dffcff449d5988af13ee6ccf28e308919884537783b7d201,78561634,2026-10-02T21:43:13Z,True,0x7e4015eb4ede266e591e766eb4eb4e2432bf9871,178,,0x11935745ee4df69d6b7470c32625585a81414f4d068ff5bb95521a7c46c029cc,850000,120
3/300,0xd1670c3b6355c73f0d755310100166cb230babc5,78573181,2026-10-02T22:02:34Z,not_scanned_for_strict_funding,,,0xc6838a632c61327d5b497ee5b46bbc3f77faac65010ba92a722597ac9037c0b0,78571156,2026-10-02T21:59:10Z,True,0xf64d67eee7c54b8b86eceb16e17809a69a064e9b,204,,0xc4a8b9ea965e4acc4c3227ed89fd6579222710978f5b4ab63689a89e918c8564,883131,28
3/300,0xbf3d0afa7417c336bbba6acaecafbc38b918e4cb,78575522,2026-10-02T22:06:30Z,not_scanned_for_strict_funding,,,0x2595c99c7d05daeab9798b7a8fed3194e550c2a1971665611f6767dfef45df53,78573157,2026-10-02T22:02:31Z,False,0x0e1651aec67b2a049a4fa6aeb6c1c305aabfc35b,239,,0x7771cc8042213cfe86621c3675d7928a161afbd49bccb2239e0066fab249a3a2,883131,-35
3/300,0x523bbb74cb0585b5f76b6bea43b5a80686a2906a,78582444,2026-10-02T22:18:04Z,not_scanned_for_strict_funding,,,,,,False,,,,0xcfc88c71895ae4c3069cdaf1dd952ba3eb5aebd1c51c9643bfb8ba1f9fc109ec,200000,
3/300,0xa9ddbd54f2cbf7de7ce5caefed8fd64b0007f836,78588009,2026-10-02T22:27:24Z,not_scanned_for_strict_funding,,,0xe59a954abf913dc67665c341660f1868f8a4d8d6a0e2f0fd6f13855797c9040e,78585887,2026-10-02T22:23:50Z,True,0x6a7c6f5dd5ef5869fbf83a2a47e0d92ac35ba0c2,214,,0x20045bfa3fb2ef67f663ba8b95a20124a265ae9c25f46a303ee1ac5fc25358fb,774440,127
3/300,0xcb8f0103c7f7ca153baa10753cdd5f4835eeef82,78589890,2026-10-02T22:30:31Z,not_scanned_for_strict_funding,,,0x62c0ed22eb92ea0a8967491b1a16e6d7d009601acb270d7c9521796d31160aa7,78586943,2026-10-02T22:25:36Z,True,0x9f247bdddb8719ef3edcc815c2c773d156f2c435,295,,0xb993af2570c977165d5bd97714fb20509586056418170f69ab6df728b0d6ad2e,774440,116
3/300,0x14a64d6f3db9900be9c554d0961f539a16f43f9c,78605435,2026-10-02T22:56:33Z,not_scanned_for_strict_funding,,,0x3c49c1b3555e35cad29fdb76339612670b16d20a0f85e2c9eb73fe5e0d742d7f,78603336,2026-10-02T22:53:03Z,True,0x7de19357169d2bfa71cbd419c71940bab52f9020,210,,0x3fe3d7254b2ad2858b9045d667eb21a399814416642a5f619427ef6396b19143,989999,-28
3/300,0x316fa3ab9a8fd8d7567a823dedecf28d9fee2894,78608631,2026-10-02T23:01:54Z,not_scanned_for_strict_funding,,,0x68fc670895858c47340536540de932fdbc4f6a5deb3bb10b3198af5dd9bc1441,78606963,2026-10-02T22:59:07Z,True,0x20f078bc43a21f3d2e2fbc51f782020f72b027a0,167,,0x5d8ff9706c4c4dead1cf8f05805197d38d25c8c54a7e128a755cf6a65cefca98,989999,67
3/300,0x2054031be916c1ecdac3894f37456421fd1c920c,78652379,2026-10-03T00:15:22Z,not_scanned_for_strict_funding,,,0xadd09c955330c0438d507b6a6c02ffb3a8e6a4943edb264f5c2740f037054e36,78650402,2026-10-03T00:12:01Z,True,0xd983bf1925093dfee1ede6d221cb512ce27ae501,201,,0x1339038d92d581acd1da051e0ff2d3e827872d860d2bf6d81fb91557438bcdd0,750000,144
3/300,0xd7855d7459ef3d902cfad6128c7afcacd6a0da06,78660476,2026-10-03T00:28:57Z,not_scanned_for_strict_funding,,,,,,False,,,,0xb387b7a6235dc6c5773ad892b876283e5769ffec215c5c0c1006b498dcce00d2,400000,
3/300,0xb945b005e39e2266a3f5bc12e34ec6b68e0bd9cf,78682659,2026-10-03T01:06:20Z,not_scanned_for_strict_funding,,,,,,False,,,,0xbf63985620a580b0285528c373d7dbdcc738dd8b6200bb2e17e7fdd12c152ef5,440100,
3/300,0xd79a17a73f1c38a3eab7c943de6051f824fc4d8e,78683563,2026-10-03T01:07:50Z,not_scanned_for_strict_funding,,,0x8f6ebf78265221e866a60ab2e2c160101b56721e7a9693dcef43b531c9fb7a07,78681890,2026-10-03T01:05:02Z,True,0x2c6ce72c6fcbae36351e3bc6fc825b1474d84259,168,,0x89c00421c3a8f1353def4c68de94be371a81099806f0094f36ca2481aa250f84,888940,133
3/300,0x6c7c3113bfa9eef3e716a4912d9b0dc47aefe796,78698587,2026-10-03T01:33:08Z,not_scanned_for_strict_funding,,,0x5c9b2c7f82c9f8693d1b7f6972cb9deaf823949a1106694df08e1839d62ed5e6,78697254,2026-10-03T01:30:53Z,True,0x2e05b44dc8682aa5497eeb3f1c44dda3f204f0cc,135,,0xbae90bf0271cd9e1a74b5b9c2bf3ad02bd24da60abf9c5b016ebc079a6aa5b2e,989999,67
4/300,0x8f86a15ec17cb3369d8b3e666dadbc11daa82b79,77979653,2026-10-02T05:24:13Z,funded_signal,77979653,1790918653,,,,False,,,,0x0703e1e3c863e9f0d5bf856c135e0ac1ef9057337cbff02509ee346a18c9e8a3,3010,
4/300,0x2c612e2f811f106f1baa1dbc5fbae88f1ac561c7,78004015,2026-10-02T06:05:24Z,funded_signal,78004015,1790921124,0x11b2092ba8e2640a50e7daef1b26c3a675a24e5dd87c1ebc9072fc97d537b309,78003849,2026-10-02T06:05:07Z,True,0xf9884aa79ac7841b52bba7d62a637aff68424b2e,17,17,0x2fa9ce12d1f3e31a26a0d9ab05416c534dd574fd700c1e3086c76c006be27d57,790000,-6
4/300,0xafdc93ae51e4d9640534f4e44789561c182cdab9,78043557,2026-10-02T07:12:23Z,funded_signal,78043557,1790925143,,,,False,,,,0xeea9dcff277b76c95563ee0b0c54fd013338c02cd1fe05450828dbee74b6c400,952000,
4/300,0xb3d190087e16b8d49c906a27ee398bfe0f94338c,78113499,2026-10-02T09:10:32Z,funded_signal,78113499,1790932232,0x4d4fde10ad072e5a3be743b7af1f037d4d36ad578ec44c5ea341111633bce5e7,78113335,2026-10-02T09:10:15Z,True,0x910d5b0287ef9f08cc301109128e83de444663b7,17,17,0xd2256c8d98f6c8c3850ab944919afebdbc262e5354ac45452acb6839db016e3a,883131,-235
4/300,0x9e795209be691654fb908ab86b3a651551939e16,78137873,2026-10-02T09:51:31Z,funded_signal,78137873,1790934691,0x79dbc4def40935c87047a61392c8c0bd21e7cd75c6acc29a29f0300bb09f3df9,78137698,2026-10-02T09:51:13Z,True,0x46a62b133b616570d935e29a138f0c76b734d169,18,18,0x76d4010bb8b3ffa76c9f8a033496064f40b6238ec46766e7e04f36e62ce491a4,790000,-140
4/300,0x0d0a2a82f0d3897600902cd08e6a5be1b65f74d1,78243652,2026-10-02T12:49:41Z,funded_signal,78243652,1790945381,0xbd49513fc5dd7c7d2cf9f09b10682e9e9f602860841a902b037c3034b0b7d41b,78242122,2026-10-02T12:47:07Z,True,0xdae9fa63672d18cb5356db966b73a3ea40c1dbf3,154,154,0xbb34d7d6e4b0e91ec8510dc2f806953dbe3c50fe9d675e35a2d69d05f3577f1b,800000,14
4/300,0x7bc5a81458453de233ee3204169e053767deb3ca,78337133,2026-10-02T15:26:17Z,no_strict_funded_signal_within_first_600s,,,0xdf68905af5191f76566aec3d18d2003e9df1f7524c50b66204afcfd650f5c881,78326613,2026-10-02T15:08:40Z,True,0xc254f8516c17706fd34736c5756cd8f04e4cea5d,1057,,0x608746bba9dea50501ba3bf92daaff401e9b00dc314e40bd4199f9de0e4a7375,860000,15
4/300,0x4c2eb3c6af30fafdff09ef368e8db3b2a8e3cff5,78343945,2026-10-02T15:37:43Z,funded_signal,78343945,1790955463,0xfe30d38e6e9fad9030cd6d9de35edb82766fe4f4a437446cb0be30e1e5678636,78343795,2026-10-02T15:37:28Z,True,0xd7de57aa7c41519498ecb6efee00c301b74ce5e5,15,15,0xc3e87e728983d3db164d5da19feb050293c11a7f37d6a311e73c30f57629585e,790000,-269
4/300,0xd5305d850c6a00aabdf8e44b8bbe57fb884b739c,78349695,2026-10-02T15:47:20Z,funded_signal,78349695,1790956040,0x7dd56b153d9094281297c9c80ab315e0b38f6bcba243c0a6b2c4ac3233e96d27,78349552,2026-10-02T15:47:05Z,True,0x6492db7e29bb3f7930be8274386f778a2b6eb22b,15,15,0x2ab6895690adae74effe06615a724c1318b95b6e5a9115baaa009f29bb15595a,989998,-404
4/300,0x15da2596f4c21227185466066bf0f19d9d526b8a,78354426,2026-10-02T15:55:17Z,funded_signal,78354426,1790956517,0x50a505074173d50d7d21d45e19d3a94202dfce860273100d1c19008051e9475f,78352401,2026-10-02T15:51:52Z,True,0x4f831f5647130b638e436fa0feb7be8243f71b50,205,205,0x2680898c78ecd39bbcb19a073e1c82e98a10a0d5be6a997f896b5e275af79a18,989999,-3944
4/300,0x4da3916d3ae6feece32ec8a2c4856d4abeb41bfd,78367863,2026-10-02T16:17:48Z,no_strict_funded_signal_within_first_600s,,,,,,False,,,,0x8dfe44aad78e08ad8c051e8a5f7af59e9fb5cf7b6a56e9ad8efbdfc6199be3b1,50000,
4/300,0x7aad7e1e9835f12a53673e1f97662bbca9aedb23,78382002,2026-10-02T16:41:30Z,funded_signal,78382002,1790959290,0x3a0f33e35018fc18f36232eb00f50aa1fe1d22cecdf720bbc9c959f12f8d87ee,78381854,2026-10-02T16:41:15Z,True,0x968acda0c7f92d6b99e824f5d5d05ac77d517142,15,15,0x8aaa99f212acc53ec4aaf7b673d1c3e889cf50f313662a943d8c339a9e8c2eef,989999,-335
4/300,0x8826ffea474dadb69957c4385d6ad9e9de787915,78434868,2026-10-02T18:10:09Z,funded_signal,78434868,1790964609,0xf32416e36a317fcd25c6de3dcdd449e6a869be80c69215031cf4287941197a02,78434558,2026-10-02T18:09:38Z,True,0x056f121bf9893f75bbcb8cb3c510b86635744fec,31,31,0xfd65ab913f4d764e893873bce41e36e2b46174453fdaec0af2a14a5cf5f47498,989999,-749
4/300,0x007defdb60b9aa23058d268b7f77516a4ad7d3f0,78443148,2026-10-02T18:24:03Z,funded_signal,78443148,1790965443,0x8d4b2e499ccc13372d2cdfc34dc09ebd4d64647d2867f657908013cbac1f985b,78440945,2026-10-02T18:20:21Z,True,0x4cbc38f9b5a9cf88e34071786ec186f2f8b13612,222,222,0xcc05def6d06419ff947cf7e8b65ced42ba00a31e10f5a883a3f1f32defa85d94,989998,-1131
4/300,0x9161cdb8bd4c21375e85c3fe7a5ce74a6ba5da06,78467998,2026-10-02T19:05:56Z,funded_signal,78467998,1790967956,0x5766d807d63dba10a0e5e61740e8d46abe5429bd86b7d73d9ad99f41a902fe8b,78467837,2026-10-02T19:05:39Z,True,0xbc9f716870769a1d4d8e45f3d2d972d9664a7b6f,17,17,0xec128976a7a4ee33e6dc0284707516d513a99e805164ba031738925faa9c9b88,10000,0
4/300,0x02533eb712f3f2925136653b4727e05fa0a7cc49,78472631,2026-10-02T19:13:42Z,funded_signal,78472631,1790968422,0x6073f60f42a0a89336aa58955b77bc01415666e2a2ab93705c547691211a2375,78472441,2026-10-02T19:13:22Z,True,0x900d0521a706d80f4516e39147d10508fb8b5bea,20,20,0x09cb5bec0754dbb1380489b6ee4c77ce69c6d6d90195603e701d919ecbf9ac8f,790000,-143
4/300,0x12d2811c1e6319a4b614529506d69024170bfc43,78474434,2026-10-02T19:16:43Z,funded_signal,78474434,1790968603,0x8426919b3ef340ba74ea66cb1718eb07873d0ccb50d4484d556c57c714cbf3b5,78473939,2026-10-02T19:15:54Z,True,0xf887c5741aea0202de1144bdada4ca70901398ca,49,49,0xa29219cec89bf237803811ddf7954af2c66a67f9c589584df9abddbaa50ff352,850000,43
4/300,0x1ef76f3be476e47bf26032ff4a9e26b6ea7edbd2,78552173,2026-10-02T21:27:24Z,funded_signal,78552173,1790976444,0x9f0ed3aff67d2605b9f4eba893828d0185ba5aa3f5acef7cbbf46734e04f3209,78549865,2026-10-02T21:23:32Z,True,0x039259e58a78e4929b6d7e6e51eabe4f2b240be5,232,232,0x2abd6b4cb9785e3e893b2b06ffe9d6032626514886160db4fc0318f578eb1051,774440,99
4/300,0xa9ddbd54f2cbf7de7ce5caefed8fd64b0007f836,78588055,2026-10-02T22:27:28Z,funded_signal,78588055,1790980048,0xe59a954abf913dc67665c341660f1868f8a4d8d6a0e2f0fd6f13855797c9040e,78585887,2026-10-02T22:23:50Z,True,0x6a7c6f5dd5ef5869fbf83a2a47e0d92ac35ba0c2,218,218,0x20045bfa3fb2ef67f663ba8b95a20124a265ae9c25f46a303ee1ac5fc25358fb,774440,127
4/300,0x14a64d6f3db9900be9c554d0961f539a16f43f9c,78605764,2026-10-02T22:57:06Z,funded_signal,78605764,1790981826,0x3c49c1b3555e35cad29fdb76339612670b16d20a0f85e2c9eb73fe5e0d742d7f,78603336,2026-10-02T22:53:03Z,True,0x7de19357169d2bfa71cbd419c71940bab52f9020,243,243,0x3fe3d7254b2ad2858b9045d667eb21a399814416642a5f619427ef6396b19143,989999,-28
4/300,0x316fa3ab9a8fd8d7567a823dedecf28d9fee2894,78608673,2026-10-02T23:01:59Z,funded_signal,78608673,1790982119,0x68fc670895858c47340536540de932fdbc4f6a5deb3bb10b3198af5dd9bc1441,78606963,2026-10-02T22:59:07Z,True,0x20f078bc43a21f3d2e2fbc51f782020f72b027a0,172,172,0x5d8ff9706c4c4dead1cf8f05805197d38d25c8c54a7e128a755cf6a65cefca98,989999,67
4/300,0x2054031be916c1ecdac3894f37456421fd1c920c,78657497,2026-10-03T00:23:56Z,funded_signal,78657497,1790987036,0xadd09c955330c0438d507b6a6c02ffb3a8e6a4943edb264f5c2740f037054e36,78650402,2026-10-03T00:12:01Z,True,0xd983bf1925093dfee1ede6d221cb512ce27ae501,715,715,0x1339038d92d581acd1da051e0ff2d3e827872d860d2bf6d81fb91557438bcdd0,750000,144
4/300,0x6c7c3113bfa9eef3e716a4912d9b0dc47aefe796,78698787,2026-10-03T01:33:28Z,funded_signal,78698787,1790991208,0x5c9b2c7f82c9f8693d1b7f6972cb9deaf823949a1106694df08e1839d62ed5e6,78697254,2026-10-03T01:30:53Z,True,0x2e05b44dc8682aa5497eeb3f1c44dda3f204f0cc,155,155,0xbae90bf0271cd9e1a74b5b9c2bf3ad02bd24da60abf9c5b016ebc079a6aa5b2e,989999,67
5/600,0x8f86a15ec17cb3369d8b3e666dadbc11daa82b79,77979653,2026-10-02T05:24:13Z,funded_signal,77979653,1790918653,,,,False,,,,0x0703e1e3c863e9f0d5bf856c135e0ac1ef9057337cbff02509ee346a18c9e8a3,3010,
5/600,0x2c612e2f811f106f1baa1dbc5fbae88f1ac561c7,78005742,2026-10-02T06:08:19Z,funded_signal,78005742,1790921299,0x11b2092ba8e2640a50e7daef1b26c3a675a24e5dd87c1ebc9072fc97d537b309,78003849,2026-10-02T06:05:07Z,True,0xf9884aa79ac7841b52bba7d62a637aff68424b2e,192,192,0x2fa9ce12d1f3e31a26a0d9ab05416c534dd574fd700c1e3086c76c006be27d57,790000,-6
5/600,0xafdc93ae51e4d9640534f4e44789561c182cdab9,78044599,2026-10-02T07:14:07Z,funded_signal,78045265,1790925314,,,,False,,,,0xeea9dcff277b76c95563ee0b0c54fd013338c02cd1fe05450828dbee74b6c400,952000,
5/600,0xb3d190087e16b8d49c906a27ee398bfe0f94338c,78113791,2026-10-02T09:11:02Z,funded_signal,78113791,1790932262,0x4d4fde10ad072e5a3be743b7af1f037d4d36ad578ec44c5ea341111633bce5e7,78113335,2026-10-02T09:10:15Z,True,0x910d5b0287ef9f08cc301109128e83de444663b7,47,47,0xd2256c8d98f6c8c3850ab944919afebdbc262e5354ac45452acb6839db016e3a,883131,-235
5/600,0x0d0a2a82f0d3897600902cd08e6a5be1b65f74d1,78244949,2026-10-02T12:51:52Z,funded_signal,78244949,1790945512,0xbd49513fc5dd7c7d2cf9f09b10682e9e9f602860841a902b037c3034b0b7d41b,78242122,2026-10-02T12:47:07Z,True,0xdae9fa63672d18cb5356db966b73a3ea40c1dbf3,285,285,0xbb34d7d6e4b0e91ec8510dc2f806953dbe3c50fe9d675e35a2d69d05f3577f1b,800000,14
5/600,0xa4ddf89a40a35264e9d7f896a1ef01c59b1e977a,78279655,2026-10-02T13:50:03Z,no_strict_funded_signal_within_first_600s,,,,,,False,,,,0xaaf30df97d30ff5ec808550ba54bbe142183976278d8d678c3adc59da751c9a1,13000,
5/600,0x7bc5a81458453de233ee3204169e053767deb3ca,78339102,2026-10-02T15:29:36Z,no_strict_funded_signal_within_first_600s,,,0xdf68905af5191f76566aec3d18d2003e9df1f7524c50b66204afcfd650f5c881,78326613,2026-10-02T15:08:40Z,True,0xc254f8516c17706fd34736c5756cd8f04e4cea5d,1256,,0x608746bba9dea50501ba3bf92daaff401e9b00dc314e40bd4199f9de0e4a7375,860000,15
5/600,0x4c2eb3c6af30fafdff09ef368e8db3b2a8e3cff5,78343975,2026-10-02T15:37:46Z,funded_signal,78343975,1790955466,0xfe30d38e6e9fad9030cd6d9de35edb82766fe4f4a437446cb0be30e1e5678636,78343795,2026-10-02T15:37:28Z,True,0xd7de57aa7c41519498ecb6efee00c301b74ce5e5,18,18,0xc3e87e728983d3db164d5da19feb050293c11a7f37d6a311e73c30f57629585e,790000,-269
5/600,0xd5305d850c6a00aabdf8e44b8bbe57fb884b739c,78349695,2026-10-02T15:47:20Z,funded_signal,78349695,1790956040,0x7dd56b153d9094281297c9c80ab315e0b38f6bcba243c0a6b2c4ac3233e96d27,78349552,2026-10-02T15:47:05Z,True,0x6492db7e29bb3f7930be8274386f778a2b6eb22b,15,15,0x2ab6895690adae74effe06615a724c1318b95b6e5a9115baaa009f29bb15595a,989998,-404
5/600,0x15da2596f4c21227185466066bf0f19d9d526b8a,78355445,2026-10-02T15:56:59Z,funded_signal,78355445,1790956619,0x50a505074173d50d7d21d45e19d3a94202dfce860273100d1c19008051e9475f,78352401,2026-10-02T15:51:52Z,True,0x4f831f5647130b638e436fa0feb7be8243f71b50,307,307,0x2680898c78ecd39bbcb19a073e1c82e98a10a0d5be6a997f896b5e275af79a18,989999,-3944
5/600,0x4da3916d3ae6feece32ec8a2c4856d4abeb41bfd,78368244,2026-10-02T16:18:26Z,no_strict_funded_signal_within_first_600s,,,,,,False,,,,0x8dfe44aad78e08ad8c051e8a5f7af59e9fb5cf7b6a56e9ad8efbdfc6199be3b1,50000,
5/600,0x7aad7e1e9835f12a53673e1f97662bbca9aedb23,78382002,2026-10-02T16:41:30Z,funded_signal,78382002,1790959290,0x3a0f33e35018fc18f36232eb00f50aa1fe1d22cecdf720bbc9c959f12f8d87ee,78381854,2026-10-02T16:41:15Z,True,0x968acda0c7f92d6b99e824f5d5d05ac77d517142,15,15,0x8aaa99f212acc53ec4aaf7b673d1c3e889cf50f313662a943d8c339a9e8c2eef,989999,-335
5/600,0x007defdb60b9aa23058d268b7f77516a4ad7d3f0,78443148,2026-10-02T18:24:03Z,funded_signal,78443148,1790965443,0x8d4b2e499ccc13372d2cdfc34dc09ebd4d64647d2867f657908013cbac1f985b,78440945,2026-10-02T18:20:21Z,True,0x4cbc38f9b5a9cf88e34071786ec186f2f8b13612,222,222,0xcc05def6d06419ff947cf7e8b65ced42ba00a31e10f5a883a3f1f32defa85d94,989998,-1131
5/600,0x02533eb712f3f2925136653b4727e05fa0a7cc49,78476389,2026-10-02T19:20:00Z,funded_signal,78476389,1790968800,0x6073f60f42a0a89336aa58955b77bc01415666e2a2ab93705c547691211a2375,78472441,2026-10-02T19:13:22Z,True,0x900d0521a706d80f4516e39147d10508fb8b5bea,398,398,0x09cb5bec0754dbb1380489b6ee4c77ce69c6d6d90195603e701d919ecbf9ac8f,790000,-143
5/600,0x12d2811c1e6319a4b614529506d69024170bfc43,78478104,2026-10-02T19:22:52Z,funded_signal,78478104,1790968972,0x8426919b3ef340ba74ea66cb1718eb07873d0ccb50d4484d556c57c714cbf3b5,78473939,2026-10-02T19:15:54Z,True,0xf887c5741aea0202de1144bdada4ca70901398ca,418,418,0xa29219cec89bf237803811ddf7954af2c66a67f9c589584df9abddbaa50ff352,850000,43
5/600,0x1ef76f3be476e47bf26032ff4a9e26b6ea7edbd2,78555726,2026-10-02T21:33:22Z,funded_signal,78555726,1790976802,0x9f0ed3aff67d2605b9f4eba893828d0185ba5aa3f5acef7cbbf46734e04f3209,78549865,2026-10-02T21:23:32Z,True,0x039259e58a78e4929b6d7e6e51eabe4f2b240be5,590,590,0x2abd6b4cb9785e3e893b2b06ffe9d6032626514886160db4fc0318f578eb1051,774440,99
5/600,0xbf3d0afa7417c336bbba6acaecafbc38b918e4cb,78578324,2026-10-02T22:11:11Z,funded_signal,78578324,1790979071,0x2595c99c7d05daeab9798b7a8fed3194e550c2a1971665611f6767dfef45df53,78573157,2026-10-02T22:02:31Z,False,0x0e1651aec67b2a049a4fa6aeb6c1c305aabfc35b,520,520,0x7771cc8042213cfe86621c3675d7928a161afbd49bccb2239e0066fab249a3a2,883131,-35
5/600,0xa9ddbd54f2cbf7de7ce5caefed8fd64b0007f836,78588815,2026-10-02T22:28:43Z,funded_signal,78588815,1790980123,0xe59a954abf913dc67665c341660f1868f8a4d8d6a0e2f0fd6f13855797c9040e,78585887,2026-10-02T22:23:50Z,True,0x6a7c6f5dd5ef5869fbf83a2a47e0d92ac35ba0c2,293,293,0x20045bfa3fb2ef67f663ba8b95a20124a265ae9c25f46a303ee1ac5fc25358fb,774440,127
5/600,0x14a64d6f3db9900be9c554d0961f539a16f43f9c,78605929,2026-10-02T22:57:23Z,funded_signal,78605929,1790981843,0x3c49c1b3555e35cad29fdb76339612670b16d20a0f85e2c9eb73fe5e0d742d7f,78603336,2026-10-02T22:53:03Z,True,0x7de19357169d2bfa71cbd419c71940bab52f9020,260,260,0x3fe3d7254b2ad2858b9045d667eb21a399814416642a5f619427ef6396b19143,989999,-28
5/600,0x316fa3ab9a8fd8d7567a823dedecf28d9fee2894,78608829,2026-10-02T23:02:14Z,funded_signal,78608829,1790982134,0x68fc670895858c47340536540de932fdbc4f6a5deb3bb10b3198af5dd9bc1441,78606963,2026-10-02T22:59:07Z,True,0x20f078bc43a21f3d2e2fbc51f782020f72b027a0,187,187,0x5d8ff9706c4c4dead1cf8f05805197d38d25c8c54a7e128a755cf6a65cefca98,989999,67
5/600,0x2054031be916c1ecdac3894f37456421fd1c920c,78655239,2026-10-03T00:20:09Z,funded_signal,78655239,1790986809,0xadd09c955330c0438d507b6a6c02ffb3a8e6a4943edb264f5c2740f037054e36,78650402,2026-10-03T00:12:01Z,True,0xd983bf1925093dfee1ede6d221cb512ce27ae501,488,488,0x1339038d92d581acd1da051e0ff2d3e827872d860d2bf6d81fb91557438bcdd0,750000,144
5/600,0x523bbb74cb0585b5f76b6bea43b5a80686a2906a,78663076,2026-10-03T00:33:18Z,funded_signal,78663076,1790987598,,,,False,,,,0xcfc88c71895ae4c3069cdaf1dd952ba3eb5aebd1c51c9643bfb8ba1f9fc109ec,200000,
5/600,0x6c7c3113bfa9eef3e716a4912d9b0dc47aefe796,78699494,2026-10-03T01:34:38Z,funded_signal,78699494,1790991278,0x5c9b2c7f82c9f8693d1b7f6972cb9deaf823949a1106694df08e1839d62ed5e6,78697254,2026-10-03T01:30:53Z,True,0x2e05b44dc8682aa5497eeb3f1c44dda3f204f0cc,225,225,0xbae90bf0271cd9e1a74b5b9c2bf3ad02bd24da60abf9c5b016ebc079a6aa5b2e,989999,67
