rule,token,entryBlock,entryTimeUtc,signalPoolId,signalBirthPoolCountIncludingHooked,safeLpPoolCountAtSignal,lowerFeeSafePoolCountAtSignal,safeLpPoolIdsAtSignal,lowerFeeSafePoolIdsAtSignal,laterSafePoolCount,fundingStatus
4/300,0x8f86a15ec17cb3369d8b3e666dadbc11daa82b79,77979653,2026-10-02T05:24:13Z,0xab0575c0b1679bad16e51478e23314fbb644ff833a7c425c946550fd2c2160a2,10,10,10,0x0703e1e3c863e9f0d5bf856c135e0ac1ef9057337cbff02509ee346a18c9e8a3|0x0e2b774c9e8afc55edbac7bcade9ac3b95cb177ba0528982d8f9862831203b47|0xd0c090088917c2ebf5fd85ee45242318b261952aea9c470db90c152420befc4e|0xab0575c0b1679bad16e51478e23314fbb644ff833a7c425c946550fd2c2160a2|0xdd48d254b9716e6400b461947495689c06076303f6c3cc2d9fb0d0bd95b5e5e7|0xf49412078473c8e0abfd844113f2e9703987f059389d53beee35f970afa0dfcc|0xe6b907651399589cf3ed2f6bb3dd05de2dcaebac5d950630c2bd1432368aef88|0x9ce7392a4c64de376271a0be327ec36949c02c12957235e69a58c255c735950e|0x15fb50dd1b1d7c610edb7c90e736de668c9336250dfb92b696fb49406e89daf3|0xb2ceaa6687218c20c77376ecafc05064f83d022506fa9b5acb475a91e7b33803,0x0703e1e3c863e9f0d5bf856c135e0ac1ef9057337cbff02509ee346a18c9e8a3|0x0e2b774c9e8afc55edbac7bcade9ac3b95cb177ba0528982d8f9862831203b47|0xd0c090088917c2ebf5fd85ee45242318b261952aea9c470db90c152420befc4e|0xab0575c0b1679bad16e51478e23314fbb644ff833a7c425c946550fd2c2160a2|0xdd48d254b9716e6400b461947495689c06076303f6c3cc2d9fb0d0bd95b5e5e7|0xf49412078473c8e0abfd844113f2e9703987f059389d53beee35f970afa0dfcc|0xe6b907651399589cf3ed2f6bb3dd05de2dcaebac5d950630c2bd1432368aef88|0x9ce7392a4c64de376271a0be327ec36949c02c12957235e69a58c255c735950e|0x15fb50dd1b1d7c610edb7c90e736de668c9336250dfb92b696fb49406e89daf3|0xb2ceaa6687218c20c77376ecafc05064f83d022506fa9b5acb475a91e7b33803,0,not_checked_birth_only
4/300,0x2c612e2f811f106f1baa1dbc5fbae88f1ac561c7,78004015,2026-10-02T06:05:24Z,0x4ec3d1fc53ae7ed564f4db9253e34df74794547cd796b8b289413dee041322c3,4,3,0,0x2fa9ce12d1f3e31a26a0d9ab05416c534dd574fd700c1e3086c76c006be27d57|0x7bdc77a45013c0a883c092bd6fae6e40b2159789c89a900650c9deff101973eb|0x4ec3d1fc53ae7ed564f4db9253e34df74794547cd796b8b289413dee041322c3,,6,not_checked_birth_only
4/300,0xafdc93ae51e4d9640534f4e44789561c182cdab9,78043557,2026-10-02T07:12:23Z,0xf959a7963181ff996939d820e381a46509d0c9248350ea174f558e3599cad08c,17,17,6,0xeea9dcff277b76c95563ee0b0c54fd013338c02cd1fe05450828dbee74b6c400|0x86aff9baebf0e65fde953c441f2ebfe7437c4fd8ab6ea70b53952fdf657d7328|0x7b64847eb04fa780bd86ac0fb3276beb5c8aa4e2b408d46350ba03aeb9edc842|0xa0606c84031a03f5493cd192eb667f6e0a4eb9db11579270295d3521b0dfd5cb|0x546662658cb01dc6099d1f391eb06cf019b65b8674ec7e9f1b431f53c6902d57|0xaac390a3de079d2d918090cd81e2bc92ed9430593b5b4658bbec187c94c0942c|0xa8eaf75b75b0c549e8c216db0e04b04bb3860d9db1d945d4804666e5d7892b34|0xca0991c4be7926f78b69443f92dd8a614bc4b0808e2f53c41a97c5387e26c29b|0xd07c94f60bf455d23cb68541448297998008861fd475a5eeccba79cf55ec6331|0xc2a5cc4b25b4ab616667e328410023d4d689208546cf2e12ab4abf905a51a7eb|0xc76ae93605e9e11c4bfdf641a0c025ff529b263023b43ba4ca4b686fda181a26|0xeb2801e27458ce9e94475b01caca6cd5dacb1d773c06e3c8d44eb311d735862a|0x37fa29699065813793cf91f1a300a5f981acd4ba8ca32564d2dfb83f42ca0fe2|0xe2a23c07e5f7b72396969250dcc6bdad8fe2cdd62fbe42946cb65c3725fd780d|0x00fce1327a90a4c1e616e6dcd61423f2c387b9c25ebc8a888de3a54bce8d2205|0x638717d7ab236ce729424ba776967eb8873108154baef506ebcb75b4a68a6953|0xf959a7963181ff996939d820e381a46509d0c9248350ea174f558e3599cad08c,0xa0606c84031a03f5493cd192eb667f6e0a4eb9db11579270295d3521b0dfd5cb|0xa8eaf75b75b0c549e8c216db0e04b04bb3860d9db1d945d4804666e5d7892b34|0xca0991c4be7926f78b69443f92dd8a614bc4b0808e2f53c41a97c5387e26c29b|0xc2a5cc4b25b4ab616667e328410023d4d689208546cf2e12ab4abf905a51a7eb|0xeb2801e27458ce9e94475b01caca6cd5dacb1d773c06e3c8d44eb311d735862a|0xe2a23c07e5f7b72396969250dcc6bdad8fe2cdd62fbe42946cb65c3725fd780d,22,not_checked_birth_only
4/300,0xb3d190087e16b8d49c906a27ee398bfe0f94338c,78113499,2026-10-02T09:10:32Z,0x1ec2947abca55d4e51892579f5755d0d8e15a805cdcb639633c964449b7fe95d,4,3,0,0xd2256c8d98f6c8c3850ab944919afebdbc262e5354ac45452acb6839db016e3a|0x7a6ec64dd2769a138759946b6da3c3bc397b471525b3c0ea7f081d5d56582197|0x1ec2947abca55d4e51892579f5755d0d8e15a805cdcb639633c964449b7fe95d,,12,not_checked_birth_only
4/300,0x9e795209be691654fb908ab86b3a651551939e16,78137873,2026-10-02T09:51:31Z,0x08c5c95bca10111247047e493979b00226c4f3d23d75ee631c5bd2591e7f514a,4,3,0,0x76d4010bb8b3ffa76c9f8a033496064f40b6238ec46766e7e04f36e62ce491a4|0x16ce9ccbb2f6f306987459ded336cd3488f4e9d7d1fa5351f1a9333919afad58|0x08c5c95bca10111247047e493979b00226c4f3d23d75ee631c5bd2591e7f514a,,2,not_checked_birth_only
4/300,0x0d0a2a82f0d3897600902cd08e6a5be1b65f74d1,78243652,2026-10-02T12:49:41Z,0x42a1bb577d542844afa3bb30485bb6de49a4d385babbcf0ff56c0dcfa408829a,4,3,1,0xbb34d7d6e4b0e91ec8510dc2f806953dbe3c50fe9d675e35a2d69d05f3577f1b|0x1ef002f3c873c00ca3948bcdae4c10ac85fe5727f7dc5f8d319f5e4692f141f2|0x42a1bb577d542844afa3bb30485bb6de49a4d385babbcf0ff56c0dcfa408829a,0x42a1bb577d542844afa3bb30485bb6de49a4d385babbcf0ff56c0dcfa408829a,6,not_checked_birth_only
4/300,0x7bc5a81458453de233ee3204169e053767deb3ca,78337133,2026-10-02T15:26:17Z,0xfd28b2ff92418a8d3bb7ed5902cfcf4feb495813604d6e9f71232206b9db4128,8,7,4,0x608746bba9dea50501ba3bf92daaff401e9b00dc314e40bd4199f9de0e4a7375|0xd4dcf272a668de96aa0f91fc2752d84a331f623530950fb99cfa76e890614883|0x15119a6c89a22553089b87f23444562910d87c33b2dc53a78aad0fd969dc30be|0xd57f8eb41b800386845b04f1623eeab3c0a9736896209c9d5897a03d2796de90|0xcf02c11c3d94009f4d8f30c7e43a626d50c930db02d4a07ee41e0af90b58851f|0x0a7306c0a5e867fa27022cec56e882401813ae3939f496c7b00131563558afc5|0xfd28b2ff92418a8d3bb7ed5902cfcf4feb495813604d6e9f71232206b9db4128,0x15119a6c89a22553089b87f23444562910d87c33b2dc53a78aad0fd969dc30be|0xd57f8eb41b800386845b04f1623eeab3c0a9736896209c9d5897a03d2796de90|0x0a7306c0a5e867fa27022cec56e882401813ae3939f496c7b00131563558afc5|0xfd28b2ff92418a8d3bb7ed5902cfcf4feb495813604d6e9f71232206b9db4128,4,not_checked_birth_only
4/300,0x4c2eb3c6af30fafdff09ef368e8db3b2a8e3cff5,78343945,2026-10-02T15:37:43Z,0x21d6f6ee1aa061dfb0ff49098c808de7ad2eb2ad48f8a581c62333cdf08571a2,4,3,0,0xc3e87e728983d3db164d5da19feb050293c11a7f37d6a311e73c30f57629585e|0xa8f371ca5380dd2d55b75eb9bbc4307842a64c37ba5020bd0eb65d66d8bc9227|0x21d6f6ee1aa061dfb0ff49098c808de7ad2eb2ad48f8a581c62333cdf08571a2,,5,not_checked_birth_only
4/300,0xd5305d850c6a00aabdf8e44b8bbe57fb884b739c,78349695,2026-10-02T15:47:20Z,0xaaea57000bda14bc17fcb04bea86b6e4531c1d077ff83cbfddf506b343472150,5,4,0,0x2ab6895690adae74effe06615a724c1318b95b6e5a9115baaa009f29bb15595a|0x970bca928552372a2f7e6be293b89bf494c17e81a7a74996c1df1aaafe2740a1|0x050268fdff9e294dd3d143b52594e7b34dd6814c60fc9a80f95a1fd693418a07|0xaaea57000bda14bc17fcb04bea86b6e4531c1d077ff83cbfddf506b343472150,,3,not_checked_birth_only
4/300,0x15da2596f4c21227185466066bf0f19d9d526b8a,78354426,2026-10-02T15:55:17Z,0x7d13796bab681d8d0bf9f454261f48a3c0d565139a86c810a1e464e50030bec3,6,5,0,0x2680898c78ecd39bbcb19a073e1c82e98a10a0d5be6a997f896b5e275af79a18|0x9bef5f939e4faf9a923a515af3e435541f85d52f553d581bc644ee406c9e37ef|0xc8461f475bdf0eef12fce87fbff89c3a340d203b8330abda11a3b460e6858efd|0xc55db5b869507be90021e516ec5f46ca7c6c5b9f637f414914a1e6d0b1a771b2|0x7d13796bab681d8d0bf9f454261f48a3c0d565139a86c810a1e464e50030bec3,,2,not_checked_birth_only
4/300,0x4da3916d3ae6feece32ec8a2c4856d4abeb41bfd,78367863,2026-10-02T16:17:48Z,0x207a4c806404f97766acc2a3e56faeb88d3540d8e75ef921bd929d4b8fecdaec,4,4,4,0x8dfe44aad78e08ad8c051e8a5f7af59e9fb5cf7b6a56e9ad8efbdfc6199be3b1|0xf1b76ce1940492c60cd8748af63645d846afa79ad425a262c1b77fdca2664f25|0x025c19b76442759fb5c2dfdaf4f6fb1381feff8a512ffa0c2d5f5bb28fc541e1|0x207a4c806404f97766acc2a3e56faeb88d3540d8e75ef921bd929d4b8fecdaec,0x8dfe44aad78e08ad8c051e8a5f7af59e9fb5cf7b6a56e9ad8efbdfc6199be3b1|0xf1b76ce1940492c60cd8748af63645d846afa79ad425a262c1b77fdca2664f25|0x025c19b76442759fb5c2dfdaf4f6fb1381feff8a512ffa0c2d5f5bb28fc541e1|0x207a4c806404f97766acc2a3e56faeb88d3540d8e75ef921bd929d4b8fecdaec,4,not_checked_birth_only
4/300,0x7aad7e1e9835f12a53673e1f97662bbca9aedb23,78382002,2026-10-02T16:41:30Z,0x2b5f19aeaf5f05e1c447731d65984b4c2ad4bea579fee3eee16d1d516f2956b3,5,4,0,0x8aaa99f212acc53ec4aaf7b673d1c3e889cf50f313662a943d8c339a9e8c2eef|0x3f9d50670ed1c8e20fa2af306e5e98e53691af71f47c33114aaf3461bf24fa7b|0xefecd906168e4aee53d8d25dd0fde3983eb38604582924accd35a2ca4c67b851|0x2b5f19aeaf5f05e1c447731d65984b4c2ad4bea579fee3eee16d1d516f2956b3,,2,not_checked_birth_only
4/300,0x8826ffea474dadb69957c4385d6ad9e9de787915,78434868,2026-10-02T18:10:09Z,0x2acc9b697e13546e5dbd714f44dee37fcaae8c12ac909565dac8d420eec090b7,5,4,0,0xfd65ab913f4d764e893873bce41e36e2b46174453fdaec0af2a14a5cf5f47498|0xea4d0c9da393faf3d737edae477c11427b2ffe88ec189214bee00ebe695c7eb0|0xe2204d3a255a680f0af0feba12fe554f5c03f7cf6823c4e231fd519f0068f15e|0x2acc9b697e13546e5dbd714f44dee37fcaae8c12ac909565dac8d420eec090b7,,1,not_checked_birth_only
4/300,0x007defdb60b9aa23058d268b7f77516a4ad7d3f0,78443148,2026-10-02T18:24:03Z,0x9b1932ded2f4dd1f0678833403df6caf68d11fb86b6ecccdcf461d1b1bfbf3ef,6,5,1,0xcc05def6d06419ff947cf7e8b65ced42ba00a31e10f5a883a3f1f32defa85d94|0xba00def88ef3f4f3924036e8d7df2e99a8cab5d3c873493561693b9cc89dfbf4|0x0ad4e6540043fef3e0359a44d28e8ab71c2c887b71566416657764b1d4ec6f28|0x3b0e41a2a68a5cbe81d0b231ac350ddf6b2d50ec122a906525240103333d4085|0x9b1932ded2f4dd1f0678833403df6caf68d11fb86b6ecccdcf461d1b1bfbf3ef,0x9b1932ded2f4dd1f0678833403df6caf68d11fb86b6ecccdcf461d1b1bfbf3ef,5,not_checked_birth_only
4/300,0x9161cdb8bd4c21375e85c3fe7a5ce74a6ba5da06,78467998,2026-10-02T19:05:56Z,0x520946ff22b0af3da0ef3fe79041cfbd84cf6a3c9bf950d476682b598d2b7a0d,4,3,1,0xec128976a7a4ee33e6dc0284707516d513a99e805164ba031738925faa9c9b88|0xcf13fd5f356ed13de2cab182d47797903d83af7436f6d754d06b5eaa837d83c0|0x520946ff22b0af3da0ef3fe79041cfbd84cf6a3c9bf950d476682b598d2b7a0d,0xec128976a7a4ee33e6dc0284707516d513a99e805164ba031738925faa9c9b88,8,not_checked_birth_only
4/300,0x02533eb712f3f2925136653b4727e05fa0a7cc49,78472631,2026-10-02T19:13:42Z,0x4cd5702df228647034683528ccc2717fe307868c4456a1d5609f5baed3e44f2a,4,3,0,0x09cb5bec0754dbb1380489b6ee4c77ce69c6d6d90195603e701d919ecbf9ac8f|0x43eac653543fe4ea4cce7a94f615486c8c22a18638507abf1ca6d3973a64251c|0x4cd5702df228647034683528ccc2717fe307868c4456a1d5609f5baed3e44f2a,,3,not_checked_birth_only
4/300,0x12d2811c1e6319a4b614529506d69024170bfc43,78474434,2026-10-02T19:16:43Z,0xa9db4eef3ff0979b1ca8f8b716ce13ef3dce81c755b123858b9302e01a2da645,4,3,0,0xa29219cec89bf237803811ddf7954af2c66a67f9c589584df9abddbaa50ff352|0x64798c52c5f0521931301794afd05896e6d151c4f96e07f8200c83edf61b1115|0xa9db4eef3ff0979b1ca8f8b716ce13ef3dce81c755b123858b9302e01a2da645,,1,not_checked_birth_only
4/300,0x1ef76f3be476e47bf26032ff4a9e26b6ea7edbd2,78552173,2026-10-02T21:27:24Z,0x247bcd543a71ef4b68eea3607ec77883ccafb08394969fab147340471ca253e4,4,3,0,0x2abd6b4cb9785e3e893b2b06ffe9d6032626514886160db4fc0318f578eb1051|0x73ca12017faa37deb888878eb92215d2f773906e5fafd0844e2738935baf2ca0|0x247bcd543a71ef4b68eea3607ec77883ccafb08394969fab147340471ca253e4,,6,not_checked_birth_only
4/300,0xa9ddbd54f2cbf7de7ce5caefed8fd64b0007f836,78588055,2026-10-02T22:27:28Z,0xccd008ee496378122710cf37ce2b43ab8dea987d6b21a1cc68f0d362493f49ad,4,3,1,0x20045bfa3fb2ef67f663ba8b95a20124a265ae9c25f46a303ee1ac5fc25358fb|0x66437ef224f95c8aff37f0292a5bf1febbb1eb1a792d0f948fad1268c3c1039a|0xccd008ee496378122710cf37ce2b43ab8dea987d6b21a1cc68f0d362493f49ad,0x66437ef224f95c8aff37f0292a5bf1febbb1eb1a792d0f948fad1268c3c1039a,3,not_checked_birth_only
4/300,0x14a64d6f3db9900be9c554d0961f539a16f43f9c,78605764,2026-10-02T22:57:06Z,0xc7fc6b89f5b1848bf8150cf915ad8ccac1d8d82e0f0730ce7f293ebcdd6692f5,4,3,0,0x3fe3d7254b2ad2858b9045d667eb21a399814416642a5f619427ef6396b19143|0xcbeee69af7873c792c3ea0e1168072d9e430837d12b112b05d96cb8d955f339d|0xc7fc6b89f5b1848bf8150cf915ad8ccac1d8d82e0f0730ce7f293ebcdd6692f5,,12,not_checked_birth_only
4/300,0x316fa3ab9a8fd8d7567a823dedecf28d9fee2894,78608673,2026-10-02T23:01:59Z,0xca9f487f26c9d54afadb063b90cab523d2c0c22eb5c83f3bd36ebb63a3969310,4,3,1,0x5d8ff9706c4c4dead1cf8f05805197d38d25c8c54a7e128a755cf6a65cefca98|0x7e2c369c6520de74ca0d4fd8d538c0ba93961f39d50f72cbb2fd5118bc90c70e|0xca9f487f26c9d54afadb063b90cab523d2c0c22eb5c83f3bd36ebb63a3969310,0x7e2c369c6520de74ca0d4fd8d538c0ba93961f39d50f72cbb2fd5118bc90c70e,46,not_checked_birth_only
4/300,0x2054031be916c1ecdac3894f37456421fd1c920c,78657497,2026-10-03T00:23:56Z,0xa543dff38850d9fa4366e312c86b6968787cf11a793afd03236c083e98f1e0e1,7,6,2,0x1339038d92d581acd1da051e0ff2d3e827872d860d2bf6d81fb91557438bcdd0|0xdc33c6fe84297c86ea837b7376ce56c4aa016dfe042963afd73f3a59036479c2|0xa03880026b26e7c9c1c0b28d5a630a07e40317bbc38594757cedebd21a464346|0xdac3af0c3cc1e96a935ae505de55f9384fd9ba5f5e63703bcb3c2ab613896872|0x048956e8eab9abcb4a5ec72f27483cd40a56e1e84fca4a0c042e35c91220501a|0xa543dff38850d9fa4366e312c86b6968787cf11a793afd03236c083e98f1e0e1,0xdac3af0c3cc1e96a935ae505de55f9384fd9ba5f5e63703bcb3c2ab613896872|0xa543dff38850d9fa4366e312c86b6968787cf11a793afd03236c083e98f1e0e1,3,not_checked_birth_only
4/300,0x6c7c3113bfa9eef3e716a4912d9b0dc47aefe796,78698787,2026-10-03T01:33:28Z,0xb5f212fc574066701412f473777bf1bd947748c4a988973f5d6d14dc75d39583,4,3,0,0xbae90bf0271cd9e1a74b5b9c2bf3ad02bd24da60abf9c5b016ebc079a6aa5b2e|0x46f9254ead25faef32d53158b9a4a4e1ab3a286504e428e5fbc6abd68eade049|0xb5f212fc574066701412f473777bf1bd947748c4a988973f5d6d14dc75d39583,,8,not_checked_birth_only
5/600,0x8f86a15ec17cb3369d8b3e666dadbc11daa82b79,77979653,2026-10-02T05:24:13Z,0xdd48d254b9716e6400b461947495689c06076303f6c3cc2d9fb0d0bd95b5e5e7,10,10,10,0x0703e1e3c863e9f0d5bf856c135e0ac1ef9057337cbff02509ee346a18c9e8a3|0x0e2b774c9e8afc55edbac7bcade9ac3b95cb177ba0528982d8f9862831203b47|0xd0c090088917c2ebf5fd85ee45242318b261952aea9c470db90c152420befc4e|0xab0575c0b1679bad16e51478e23314fbb644ff833a7c425c946550fd2c2160a2|0xdd48d254b9716e6400b461947495689c06076303f6c3cc2d9fb0d0bd95b5e5e7|0xf49412078473c8e0abfd844113f2e9703987f059389d53beee35f970afa0dfcc|0xe6b907651399589cf3ed2f6bb3dd05de2dcaebac5d950630c2bd1432368aef88|0x9ce7392a4c64de376271a0be327ec36949c02c12957235e69a58c255c735950e|0x15fb50dd1b1d7c610edb7c90e736de668c9336250dfb92b696fb49406e89daf3|0xb2ceaa6687218c20c77376ecafc05064f83d022506fa9b5acb475a91e7b33803,0x0703e1e3c863e9f0d5bf856c135e0ac1ef9057337cbff02509ee346a18c9e8a3|0x0e2b774c9e8afc55edbac7bcade9ac3b95cb177ba0528982d8f9862831203b47|0xd0c090088917c2ebf5fd85ee45242318b261952aea9c470db90c152420befc4e|0xab0575c0b1679bad16e51478e23314fbb644ff833a7c425c946550fd2c2160a2|0xdd48d254b9716e6400b461947495689c06076303f6c3cc2d9fb0d0bd95b5e5e7|0xf49412078473c8e0abfd844113f2e9703987f059389d53beee35f970afa0dfcc|0xe6b907651399589cf3ed2f6bb3dd05de2dcaebac5d950630c2bd1432368aef88|0x9ce7392a4c64de376271a0be327ec36949c02c12957235e69a58c255c735950e|0x15fb50dd1b1d7c610edb7c90e736de668c9336250dfb92b696fb49406e89daf3|0xb2ceaa6687218c20c77376ecafc05064f83d022506fa9b5acb475a91e7b33803,0,not_checked_birth_only
5/600,0x2c612e2f811f106f1baa1dbc5fbae88f1ac561c7,78005742,2026-10-02T06:08:19Z,0xd6a07268bb679c37d32ac09ab5ae8f0b19b1f70ab28b9d4dbc54f55c46655cec,5,4,0,0x2fa9ce12d1f3e31a26a0d9ab05416c534dd574fd700c1e3086c76c006be27d57|0x7bdc77a45013c0a883c092bd6fae6e40b2159789c89a900650c9deff101973eb|0x4ec3d1fc53ae7ed564f4db9253e34df74794547cd796b8b289413dee041322c3|0xd6a07268bb679c37d32ac09ab5ae8f0b19b1f70ab28b9d4dbc54f55c46655cec,,5,not_checked_birth_only
5/600,0xafdc93ae51e4d9640534f4e44789561c182cdab9,78044599,2026-10-02T07:14:07Z,0xced29f2cb8db7d94a355460ca4a837b0b5016335d2a6bb83a624f4a04388b2d3,18,18,6,0xeea9dcff277b76c95563ee0b0c54fd013338c02cd1fe05450828dbee74b6c400|0x86aff9baebf0e65fde953c441f2ebfe7437c4fd8ab6ea70b53952fdf657d7328|0x7b64847eb04fa780bd86ac0fb3276beb5c8aa4e2b408d46350ba03aeb9edc842|0xa0606c84031a03f5493cd192eb667f6e0a4eb9db11579270295d3521b0dfd5cb|0x546662658cb01dc6099d1f391eb06cf019b65b8674ec7e9f1b431f53c6902d57|0xaac390a3de079d2d918090cd81e2bc92ed9430593b5b4658bbec187c94c0942c|0xa8eaf75b75b0c549e8c216db0e04b04bb3860d9db1d945d4804666e5d7892b34|0xca0991c4be7926f78b69443f92dd8a614bc4b0808e2f53c41a97c5387e26c29b|0xd07c94f60bf455d23cb68541448297998008861fd475a5eeccba79cf55ec6331|0xc2a5cc4b25b4ab616667e328410023d4d689208546cf2e12ab4abf905a51a7eb|0xc76ae93605e9e11c4bfdf641a0c025ff529b263023b43ba4ca4b686fda181a26|0xeb2801e27458ce9e94475b01caca6cd5dacb1d773c06e3c8d44eb311d735862a|0x37fa29699065813793cf91f1a300a5f981acd4ba8ca32564d2dfb83f42ca0fe2|0xe2a23c07e5f7b72396969250dcc6bdad8fe2cdd62fbe42946cb65c3725fd780d|0x00fce1327a90a4c1e616e6dcd61423f2c387b9c25ebc8a888de3a54bce8d2205|0x638717d7ab236ce729424ba776967eb8873108154baef506ebcb75b4a68a6953|0xf959a7963181ff996939d820e381a46509d0c9248350ea174f558e3599cad08c|0xced29f2cb8db7d94a355460ca4a837b0b5016335d2a6bb83a624f4a04388b2d3,0xa0606c84031a03f5493cd192eb667f6e0a4eb9db11579270295d3521b0dfd5cb|0xa8eaf75b75b0c549e8c216db0e04b04bb3860d9db1d945d4804666e5d7892b34|0xca0991c4be7926f78b69443f92dd8a614bc4b0808e2f53c41a97c5387e26c29b|0xc2a5cc4b25b4ab616667e328410023d4d689208546cf2e12ab4abf905a51a7eb|0xeb2801e27458ce9e94475b01caca6cd5dacb1d773c06e3c8d44eb311d735862a|0xe2a23c07e5f7b72396969250dcc6bdad8fe2cdd62fbe42946cb65c3725fd780d,21,not_checked_birth_only
5/600,0xb3d190087e16b8d49c906a27ee398bfe0f94338c,78113791,2026-10-02T09:11:02Z,0x12458812a234a76a2f8bc5634151c488edf16eff42de4dbda83ff6a9d5f1e007,5,4,0,0xd2256c8d98f6c8c3850ab944919afebdbc262e5354ac45452acb6839db016e3a|0x7a6ec64dd2769a138759946b6da3c3bc397b471525b3c0ea7f081d5d56582197|0x1ec2947abca55d4e51892579f5755d0d8e15a805cdcb639633c964449b7fe95d|0x12458812a234a76a2f8bc5634151c488edf16eff42de4dbda83ff6a9d5f1e007,,11,not_checked_birth_only
5/600,0x0d0a2a82f0d3897600902cd08e6a5be1b65f74d1,78244949,2026-10-02T12:51:52Z,0xaf4d49267ad672575ba650933d1eaabe073b0cb97f61815b75d0148d79d6b992,5,4,2,0xbb34d7d6e4b0e91ec8510dc2f806953dbe3c50fe9d675e35a2d69d05f3577f1b|0x1ef002f3c873c00ca3948bcdae4c10ac85fe5727f7dc5f8d319f5e4692f141f2|0x42a1bb577d542844afa3bb30485bb6de49a4d385babbcf0ff56c0dcfa408829a|0xaf4d49267ad672575ba650933d1eaabe073b0cb97f61815b75d0148d79d6b992,0x42a1bb577d542844afa3bb30485bb6de49a4d385babbcf0ff56c0dcfa408829a|0xaf4d49267ad672575ba650933d1eaabe073b0cb97f61815b75d0148d79d6b992,5,not_checked_birth_only
5/600,0xa4ddf89a40a35264e9d7f896a1ef01c59b1e977a,78279655,2026-10-02T13:50:03Z,0xf49aa8eb9efcb08a119a79987bedfc680e1ccfe36fe20547c9457324a0814133,15,15,15,0xaaf30df97d30ff5ec808550ba54bbe142183976278d8d678c3adc59da751c9a1|0x881abcd9e7ca0a349342a5376ae8afa2f5b7b9bba0d643c0480eef9b6b17b030|0xe3f05a26d580390cbe8fd4182910b9ae2f356e0a2446a9cb96f8312ba1b93dc7|0x132c9dfa976c67dd1383494d2120ccc2a01a220e6257533c4e22f69367363429|0xafc19498a609a8231df6db5b75a8a50e123d02bf47b3d1fa0ee45121ab52e2d9|0x5a4ee7dead6f689ce839da746c79940df7d999d4323324a27e4899729c2ff65c|0x7aa27ae98f589cb64aa2811f61ec72ee0b8070b2feb6b746c92b90eadfb4bd56|0xd5ca5b31e6132a2d6c825894efde6a500def71676cc94f7c982e3d7a61b78a4a|0x6cae02d1be157327246ed1eb4968900d4e25c5bb91212043af2b1d62a0160d3d|0x547769e2b0adaadf223614ed322490757f4cec7c7e819eef5cd7d7a5cd8ee210|0x9150cd21d25e97d83ff11a96d99430317724ce7125513f0505ea0ab35513bfb1|0x59e9927383bc2dde324836581b2594d058edba6d196ab7f44522a2284259ae1b|0xa9db3d550b138c26b12ffe450fe9f7c2223273e8a7eedb76f55dacca3c5cb7bb|0xfdbc1a124e9367e5bb6fb8b3ef24813a524ee5dbe63e9a877bafbbfb5a85bee8|0xf49aa8eb9efcb08a119a79987bedfc680e1ccfe36fe20547c9457324a0814133,0xaaf30df97d30ff5ec808550ba54bbe142183976278d8d678c3adc59da751c9a1|0x881abcd9e7ca0a349342a5376ae8afa2f5b7b9bba0d643c0480eef9b6b17b030|0xe3f05a26d580390cbe8fd4182910b9ae2f356e0a2446a9cb96f8312ba1b93dc7|0x132c9dfa976c67dd1383494d2120ccc2a01a220e6257533c4e22f69367363429|0xafc19498a609a8231df6db5b75a8a50e123d02bf47b3d1fa0ee45121ab52e2d9|0x5a4ee7dead6f689ce839da746c79940df7d999d4323324a27e4899729c2ff65c|0x7aa27ae98f589cb64aa2811f61ec72ee0b8070b2feb6b746c92b90eadfb4bd56|0xd5ca5b31e6132a2d6c825894efde6a500def71676cc94f7c982e3d7a61b78a4a|0x6cae02d1be157327246ed1eb4968900d4e25c5bb91212043af2b1d62a0160d3d|0x547769e2b0adaadf223614ed322490757f4cec7c7e819eef5cd7d7a5cd8ee210|0x9150cd21d25e97d83ff11a96d99430317724ce7125513f0505ea0ab35513bfb1|0x59e9927383bc2dde324836581b2594d058edba6d196ab7f44522a2284259ae1b|0xa9db3d550b138c26b12ffe450fe9f7c2223273e8a7eedb76f55dacca3c5cb7bb|0xfdbc1a124e9367e5bb6fb8b3ef24813a524ee5dbe63e9a877bafbbfb5a85bee8|0xf49aa8eb9efcb08a119a79987bedfc680e1ccfe36fe20547c9457324a0814133,5,not_checked_birth_only
5/600,0x7bc5a81458453de233ee3204169e053767deb3ca,78339102,2026-10-02T15:29:36Z,0x9078ea5f49c8f809107470edf9118f9ebde6428348bf44a4f805939dd2eb7025,9,8,5,0x608746bba9dea50501ba3bf92daaff401e9b00dc314e40bd4199f9de0e4a7375|0xd4dcf272a668de96aa0f91fc2752d84a331f623530950fb99cfa76e890614883|0x15119a6c89a22553089b87f23444562910d87c33b2dc53a78aad0fd969dc30be|0xd57f8eb41b800386845b04f1623eeab3c0a9736896209c9d5897a03d2796de90|0xcf02c11c3d94009f4d8f30c7e43a626d50c930db02d4a07ee41e0af90b58851f|0x0a7306c0a5e867fa27022cec56e882401813ae3939f496c7b00131563558afc5|0xfd28b2ff92418a8d3bb7ed5902cfcf4feb495813604d6e9f71232206b9db4128|0x9078ea5f49c8f809107470edf9118f9ebde6428348bf44a4f805939dd2eb7025,0x15119a6c89a22553089b87f23444562910d87c33b2dc53a78aad0fd969dc30be|0xd57f8eb41b800386845b04f1623eeab3c0a9736896209c9d5897a03d2796de90|0x0a7306c0a5e867fa27022cec56e882401813ae3939f496c7b00131563558afc5|0xfd28b2ff92418a8d3bb7ed5902cfcf4feb495813604d6e9f71232206b9db4128|0x9078ea5f49c8f809107470edf9118f9ebde6428348bf44a4f805939dd2eb7025,3,not_checked_birth_only
5/600,0x4c2eb3c6af30fafdff09ef368e8db3b2a8e3cff5,78343975,2026-10-02T15:37:46Z,0x4ca773ae65ecc8d6692bf42d38bba93fc17cdd8807f6860c31deb7c33da55d3f,5,4,0,0xc3e87e728983d3db164d5da19feb050293c11a7f37d6a311e73c30f57629585e|0xa8f371ca5380dd2d55b75eb9bbc4307842a64c37ba5020bd0eb65d66d8bc9227|0x21d6f6ee1aa061dfb0ff49098c808de7ad2eb2ad48f8a581c62333cdf08571a2|0x4ca773ae65ecc8d6692bf42d38bba93fc17cdd8807f6860c31deb7c33da55d3f,,4,not_checked_birth_only
5/600,0xd5305d850c6a00aabdf8e44b8bbe57fb884b739c,78349695,2026-10-02T15:47:20Z,0xaaea57000bda14bc17fcb04bea86b6e4531c1d077ff83cbfddf506b343472150,5,4,0,0x2ab6895690adae74effe06615a724c1318b95b6e5a9115baaa009f29bb15595a|0x970bca928552372a2f7e6be293b89bf494c17e81a7a74996c1df1aaafe2740a1|0x050268fdff9e294dd3d143b52594e7b34dd6814c60fc9a80f95a1fd693418a07|0xaaea57000bda14bc17fcb04bea86b6e4531c1d077ff83cbfddf506b343472150,,3,not_checked_birth_only
5/600,0x15da2596f4c21227185466066bf0f19d9d526b8a,78355445,2026-10-02T15:56:59Z,0x4ad9d653f083d0e760478104aa115f3df5ad487f308eedf975cd9544ed6df617,7,6,1,0x2680898c78ecd39bbcb19a073e1c82e98a10a0d5be6a997f896b5e275af79a18|0x9bef5f939e4faf9a923a515af3e435541f85d52f553d581bc644ee406c9e37ef|0xc8461f475bdf0eef12fce87fbff89c3a340d203b8330abda11a3b460e6858efd|0xc55db5b869507be90021e516ec5f46ca7c6c5b9f637f414914a1e6d0b1a771b2|0x7d13796bab681d8d0bf9f454261f48a3c0d565139a86c810a1e464e50030bec3|0x4ad9d653f083d0e760478104aa115f3df5ad487f308eedf975cd9544ed6df617,0x4ad9d653f083d0e760478104aa115f3df5ad487f308eedf975cd9544ed6df617,1,not_checked_birth_only
5/600,0x4da3916d3ae6feece32ec8a2c4856d4abeb41bfd,78368244,2026-10-02T16:18:26Z,0x2990fa51c24277c1ec301a85482051e36247e402c745fb3809c810d45950b24c,5,5,5,0x8dfe44aad78e08ad8c051e8a5f7af59e9fb5cf7b6a56e9ad8efbdfc6199be3b1|0xf1b76ce1940492c60cd8748af63645d846afa79ad425a262c1b77fdca2664f25|0x025c19b76442759fb5c2dfdaf4f6fb1381feff8a512ffa0c2d5f5bb28fc541e1|0x207a4c806404f97766acc2a3e56faeb88d3540d8e75ef921bd929d4b8fecdaec|0x2990fa51c24277c1ec301a85482051e36247e402c745fb3809c810d45950b24c,0x8dfe44aad78e08ad8c051e8a5f7af59e9fb5cf7b6a56e9ad8efbdfc6199be3b1|0xf1b76ce1940492c60cd8748af63645d846afa79ad425a262c1b77fdca2664f25|0x025c19b76442759fb5c2dfdaf4f6fb1381feff8a512ffa0c2d5f5bb28fc541e1|0x207a4c806404f97766acc2a3e56faeb88d3540d8e75ef921bd929d4b8fecdaec|0x2990fa51c24277c1ec301a85482051e36247e402c745fb3809c810d45950b24c,3,not_checked_birth_only
5/600,0x7aad7e1e9835f12a53673e1f97662bbca9aedb23,78382002,2026-10-02T16:41:30Z,0x2b5f19aeaf5f05e1c447731d65984b4c2ad4bea579fee3eee16d1d516f2956b3,5,4,0,0x8aaa99f212acc53ec4aaf7b673d1c3e889cf50f313662a943d8c339a9e8c2eef|0x3f9d50670ed1c8e20fa2af306e5e98e53691af71f47c33114aaf3461bf24fa7b|0xefecd906168e4aee53d8d25dd0fde3983eb38604582924accd35a2ca4c67b851|0x2b5f19aeaf5f05e1c447731d65984b4c2ad4bea579fee3eee16d1d516f2956b3,,2,not_checked_birth_only
5/600,0x007defdb60b9aa23058d268b7f77516a4ad7d3f0,78443148,2026-10-02T18:24:03Z,0x9b1932ded2f4dd1f0678833403df6caf68d11fb86b6ecccdcf461d1b1bfbf3ef,6,5,1,0xcc05def6d06419ff947cf7e8b65ced42ba00a31e10f5a883a3f1f32defa85d94|0xba00def88ef3f4f3924036e8d7df2e99a8cab5d3c873493561693b9cc89dfbf4|0x0ad4e6540043fef3e0359a44d28e8ab71c2c887b71566416657764b1d4ec6f28|0x3b0e41a2a68a5cbe81d0b231ac350ddf6b2d50ec122a906525240103333d4085|0x9b1932ded2f4dd1f0678833403df6caf68d11fb86b6ecccdcf461d1b1bfbf3ef,0x9b1932ded2f4dd1f0678833403df6caf68d11fb86b6ecccdcf461d1b1bfbf3ef,5,not_checked_birth_only
5/600,0x02533eb712f3f2925136653b4727e05fa0a7cc49,78476389,2026-10-02T19:20:00Z,0x35f604412c8e7cc7bd64d7385f8cf042b0d495364515fa9bd1c9804f40ac8355,5,4,0,0x09cb5bec0754dbb1380489b6ee4c77ce69c6d6d90195603e701d919ecbf9ac8f|0x43eac653543fe4ea4cce7a94f615486c8c22a18638507abf1ca6d3973a64251c|0x4cd5702df228647034683528ccc2717fe307868c4456a1d5609f5baed3e44f2a|0x35f604412c8e7cc7bd64d7385f8cf042b0d495364515fa9bd1c9804f40ac8355,,2,not_checked_birth_only
5/600,0x12d2811c1e6319a4b614529506d69024170bfc43,78478104,2026-10-02T19:22:52Z,0x329e1d9aa7478374b04839d2d2806718df8dfc4cd91fdbaaded94f2626ef3d03,5,4,0,0xa29219cec89bf237803811ddf7954af2c66a67f9c589584df9abddbaa50ff352|0x64798c52c5f0521931301794afd05896e6d151c4f96e07f8200c83edf61b1115|0xa9db4eef3ff0979b1ca8f8b716ce13ef3dce81c755b123858b9302e01a2da645|0x329e1d9aa7478374b04839d2d2806718df8dfc4cd91fdbaaded94f2626ef3d03,,0,not_checked_birth_only
5/600,0x1ef76f3be476e47bf26032ff4a9e26b6ea7edbd2,78555726,2026-10-02T21:33:22Z,0x26e576f2aef601044290563dfe1b062796b16ae3c4ed770bc3ebf4cdf85d2c37,5,4,0,0x2abd6b4cb9785e3e893b2b06ffe9d6032626514886160db4fc0318f578eb1051|0x73ca12017faa37deb888878eb92215d2f773906e5fafd0844e2738935baf2ca0|0x247bcd543a71ef4b68eea3607ec77883ccafb08394969fab147340471ca253e4|0x26e576f2aef601044290563dfe1b062796b16ae3c4ed770bc3ebf4cdf85d2c37,,5,not_checked_birth_only
5/600,0xbf3d0afa7417c336bbba6acaecafbc38b918e4cb,78578324,2026-10-02T22:11:11Z,0x8d652ce53a11ad3d445fa901a26f2049132c6dfd336dce9381898a514e7eca84,5,5,2,0x7771cc8042213cfe86621c3675d7928a161afbd49bccb2239e0066fab249a3a2|0x67f69977eec61b10ce992e7805e8a2ba72876ffbf6e2126f66e37e608368051f|0x1c62ca032a441f6d85cb34ccbb9ce9a77f3df076e55474a7abcad1e9ae483db2|0xc974b7b1633594640ef8afc5d5cdccfb572a3b679c2db311dbbfc25d7745cf33|0x8d652ce53a11ad3d445fa901a26f2049132c6dfd336dce9381898a514e7eca84,0x67f69977eec61b10ce992e7805e8a2ba72876ffbf6e2126f66e37e608368051f|0x8d652ce53a11ad3d445fa901a26f2049132c6dfd336dce9381898a514e7eca84,9,not_checked_birth_only
5/600,0xa9ddbd54f2cbf7de7ce5caefed8fd64b0007f836,78588815,2026-10-02T22:28:43Z,0x630b5fb5a0a3df1533d9b2f7dd8fa190a8863331e2f8453beea4fe758d6355ae,5,4,2,0x20045bfa3fb2ef67f663ba8b95a20124a265ae9c25f46a303ee1ac5fc25358fb|0x66437ef224f95c8aff37f0292a5bf1febbb1eb1a792d0f948fad1268c3c1039a|0xccd008ee496378122710cf37ce2b43ab8dea987d6b21a1cc68f0d362493f49ad|0x630b5fb5a0a3df1533d9b2f7dd8fa190a8863331e2f8453beea4fe758d6355ae,0x66437ef224f95c8aff37f0292a5bf1febbb1eb1a792d0f948fad1268c3c1039a|0x630b5fb5a0a3df1533d9b2f7dd8fa190a8863331e2f8453beea4fe758d6355ae,2,not_checked_birth_only
5/600,0x14a64d6f3db9900be9c554d0961f539a16f43f9c,78605929,2026-10-02T22:57:23Z,0x1cdf06dc36bf5c6094d60a658c389df20def5e44350c0c9e76b186322739985e,5,4,1,0x3fe3d7254b2ad2858b9045d667eb21a399814416642a5f619427ef6396b19143|0xcbeee69af7873c792c3ea0e1168072d9e430837d12b112b05d96cb8d955f339d|0xc7fc6b89f5b1848bf8150cf915ad8ccac1d8d82e0f0730ce7f293ebcdd6692f5|0x1cdf06dc36bf5c6094d60a658c389df20def5e44350c0c9e76b186322739985e,0x1cdf06dc36bf5c6094d60a658c389df20def5e44350c0c9e76b186322739985e,11,not_checked_birth_only
5/600,0x316fa3ab9a8fd8d7567a823dedecf28d9fee2894,78608829,2026-10-02T23:02:14Z,0xd6b8458c68f57f779835591c64761c9c7547fa9fbee4b83d39388a6f871d87c8,5,4,1,0x5d8ff9706c4c4dead1cf8f05805197d38d25c8c54a7e128a755cf6a65cefca98|0x7e2c369c6520de74ca0d4fd8d538c0ba93961f39d50f72cbb2fd5118bc90c70e|0xca9f487f26c9d54afadb063b90cab523d2c0c22eb5c83f3bd36ebb63a3969310|0xd6b8458c68f57f779835591c64761c9c7547fa9fbee4b83d39388a6f871d87c8,0x7e2c369c6520de74ca0d4fd8d538c0ba93961f39d50f72cbb2fd5118bc90c70e,45,not_checked_birth_only
5/600,0x2054031be916c1ecdac3894f37456421fd1c920c,78655239,2026-10-03T00:20:09Z,0xdac3af0c3cc1e96a935ae505de55f9384fd9ba5f5e63703bcb3c2ab613896872,5,4,1,0x1339038d92d581acd1da051e0ff2d3e827872d860d2bf6d81fb91557438bcdd0|0xdc33c6fe84297c86ea837b7376ce56c4aa016dfe042963afd73f3a59036479c2|0xa03880026b26e7c9c1c0b28d5a630a07e40317bbc38594757cedebd21a464346|0xdac3af0c3cc1e96a935ae505de55f9384fd9ba5f5e63703bcb3c2ab613896872,0xdac3af0c3cc1e96a935ae505de55f9384fd9ba5f5e63703bcb3c2ab613896872,5,not_checked_birth_only
5/600,0x523bbb74cb0585b5f76b6bea43b5a80686a2906a,78663076,2026-10-03T00:33:18Z,0xdb3126128af3ddfb77a4afbe28572ce85882e70683fb4ddbeff0afa3181c8bcd,19,19,9,0xcfc88c71895ae4c3069cdaf1dd952ba3eb5aebd1c51c9643bfb8ba1f9fc109ec|0x42b022a4bc56c2caecce462fb387dc5d5e4f432ebf7fc3d583ea2b52ac8305c9|0x136d8a9fa75d0c8a51a920f87a06d622dc5bef0796add9fb67045d722c957f5f|0xbdb01599000fa833a7354aa2f7a0a7aa006dde6e775f47f9097fc026ff766d58|0x6714eb195a48b5f2035ec4b08ba35de03bf1155333f61c3ca5454500aa69e643|0x4026dcc6b5fe32b9975f690a9dd0d3f15495ea4f7e4094c476056c63c8dbec8f|0x52e4902ed16ff5dce92a5c9dfaa0c18fe474ec7445b8c306247ae1c71d6a4a35|0x51dad17b85119433429f1d51c8f372fe72a7744c3a193e0d797989c927089399|0xa5978aa982aef0f47a251782c7699f939c2adb986376a5417de0ac94a050a7a3|0xe3f7c7cdba1da3ec50744ec5fd82efc08e692999d60a4199c6759e69d6f9cb74|0x734258471bc6425f40416a8c0e480aa22d2985f99ce131aebd184be08cd8c02a|0x54531f8f9f2040fb1536b4f5bce4c4e5692acd158dbf9164f4c58e3dfef93143|0x15885b5f66c02b909d31981d7bed67e7a493519c8b55f21199df646f646b84c4|0xfd6523b194a6473699039d852eb122dcafbaa0380866be910bcbd401e5a2da95|0x88e6355bfe935742a74708d5b34919202c708beb739eca1bfa23a9a1b563568b|0xc974ffcfcc362d0731cf6b90d8301b5e915b4898ca3818aa018cbfd35a99c725|0x41f69ef480d72c95d9db87504ca16859b1adad2415fd4f98094d5464a7ab4c15|0x74fb38595a2c5aed06dcd0f425751c2043437581779c1bde0dfd4a5aa26f04f3|0xdb3126128af3ddfb77a4afbe28572ce85882e70683fb4ddbeff0afa3181c8bcd,0xcfc88c71895ae4c3069cdaf1dd952ba3eb5aebd1c51c9643bfb8ba1f9fc109ec|0xbdb01599000fa833a7354aa2f7a0a7aa006dde6e775f47f9097fc026ff766d58|0x4026dcc6b5fe32b9975f690a9dd0d3f15495ea4f7e4094c476056c63c8dbec8f|0x51dad17b85119433429f1d51c8f372fe72a7744c3a193e0d797989c927089399|0x734258471bc6425f40416a8c0e480aa22d2985f99ce131aebd184be08cd8c02a|0x54531f8f9f2040fb1536b4f5bce4c4e5692acd158dbf9164f4c58e3dfef93143|0x15885b5f66c02b909d31981d7bed67e7a493519c8b55f21199df646f646b84c4|0x41f69ef480d72c95d9db87504ca16859b1adad2415fd4f98094d5464a7ab4c15|0xdb3126128af3ddfb77a4afbe28572ce85882e70683fb4ddbeff0afa3181c8bcd,3,not_checked_birth_only
5/600,0x6c7c3113bfa9eef3e716a4912d9b0dc47aefe796,78699494,2026-10-03T01:34:38Z,0xb1eaeb6974cee0f01d5b8df747ab7b8ebe34d871fbe7dc0e4e8b5aa8332e8d5b,5,4,0,0xbae90bf0271cd9e1a74b5b9c2bf3ad02bd24da60abf9c5b016ebc079a6aa5b2e|0x46f9254ead25faef32d53158b9a4a4e1ab3a286504e428e5fbc6abd68eade049|0xb5f212fc574066701412f473777bf1bd947748c4a988973f5d6d14dc75d39583|0xb1eaeb6974cee0f01d5b8df747ab7b8ebe34d871fbe7dc0e4e8b5aa8332e8d5b,,7,not_checked_birth_only
